bar,flips,dflips,pass,mismatch,starved
1,1,0,1,0,0
2,22,21,2,0,0
3,41,19,3,0,0
4,76,35,4,0,0
5,114,38,5,0,0
6,145,31,6,0,0
7,161,16,7,0,0
8,177,16,8,0,0
9,193,16,9,0,0
10,209,16,10,0,0
11,225,16,11,0,0
12,241,16,12,0,0
13,257,16,13,0,0
14,273,16,14,0,0
15,289,16,15,0,0
16,305,16,16,0,0
17,321,16,17,0,0
18,337,16,18,0,0
19,353,16,19,0,0
20,369,16,20,0,0
21,385,16,21,0,0
22,401,16,22,0,0
23,417,16,23,0,0
24,433,16,24,0,0
25,449,16,25,0,0
26,465,16,26,0,0
27,481,16,27,0,0
28,497,16,28,0,0
29,513,16,29,0,0
30,529,16,30,0,0
31,545,16,31,0,0
32,561,16,32,0,0
33,577,16,33,0,0
34,593,16,34,0,0
35,609,16,35,0,0
36,625,16,36,0,0
37,641,16,37,0,0
38,657,16,38,0,0
39,674,17,39,0,0
40,689,15,40,0,0
41,705,16,41,0,0
42,721,16,42,0,0
43,737,16,43,0,0
44,753,16,44,0,0
45,769,16,45,0,0
46,785,16,46,0,0
47,801,16,47,0,0
48,817,16,48,0,0
49,833,16,49,0,0
50,849,16,50,0,0
51,865,16,51,0,0
52,881,16,52,0,0
53,897,16,53,0,0
54,913,16,54,0,0
55,929,16,55,0,0
56,945,16,56,0,0
57,961,16,57,0,0
58,977,16,58,0,0
59,993,16,59,0,0
60,1009,16,60,0,0
61,1025,16,61,0,0
62,1041,16,62,0,0
63,1057,16,63,0,0
64,1073,16,64,0,0
65,1089,16,65,0,0
66,1105,16,66,0,0
67,1121,16,67,0,0
68,1137,16,68,0,0
69,1153,16,69,0,0
70,1169,16,70,0,0
71,1185,16,71,0,0
72,1201,16,72,0,0
73,1217,16,73,0,0
74,1233,16,74,0,0
75,1249,16,75,0,0
76,1265,16,76,0,0
77,1281,16,77,0,0
78,1297,16,78,0,0
79,1313,16,79,0,0
80,1329,16,80,0,0
81,1345,16,81,0,0
82,1361,16,82,0,0
83,1377,16,83,0,0
84,1393,16,84,0,0
85,1409,16,85,0,0
86,1425,16,86,0,0
87,1441,16,87,0,0
88,1457,16,88,0,0
89,1473,16,89,0,0
90,1489,16,90,0,0
91,1505,16,91,0,0
92,1521,16,92,0,0
93,1537,16,93,0,0
94,1553,16,94,0,0
95,1569,16,95,0,0
96,1586,17,96,0,0
97,1601,15,97,0,0
98,1617,16,98,0,0
99,1633,16,99,0,0
100,1649,16,100,0,0
101,1665,16,101,0,0
102,1681,16,102,0,0
103,1697,16,103,0,0
104,1713,16,104,0,0
105,1729,16,105,0,0
106,1745,16,106,0,0
107,1761,16,107,0,0
108,1777,16,108,0,0
109,1793,16,109,0,0
110,1809,16,110,0,0
111,1825,16,111,0,0
112,1841,16,112,0,0
113,1857,16,113,0,0
114,1873,16,114,0,0
115,1889,16,115,0,0
116,1905,16,116,0,0
117,1921,16,117,0,0
118,1937,16,118,0,0
119,1953,16,119,0,0
120,1969,16,120,0,0
121,1985,16,121,0,0
122,2001,16,122,0,0
123,2017,16,123,0,0
124,2033,16,124,0,0
125,2049,16,125,0,0
126,2065,16,126,0,0
127,2081,16,127,0,0
128,2097,16,128,0,0
129,2113,16,129,0,0
130,2129,16,130,0,0
131,2145,16,131,0,0
132,2161,16,132,0,0
133,2177,16,133,0,0
134,2193,16,134,0,0
135,2209,16,135,0,0
136,2225,16,136,0,0
137,2241,16,137,0,0
138,2257,16,138,0,0
139,2273,16,139,0,0
140,2289,16,140,0,0
141,2314,25,141,0,0
142,2337,23,142,0,0
143,2363,26,143,0,0
144,2396,33,144,0,0
145,2421,25,145,0,0
146,2442,21,146,0,0
147,2472,30,147,0,0
148,2500,28,148,0,0
149,2524,24,149,0,0
150,2542,18,150,0,0
151,2568,26,151,0,0
152,2588,20,152,0,0
153,2604,16,153,0,0
154,2620,16,154,0,0
155,2636,16,155,0,0
156,2652,16,156,0,0
157,2668,16,157,0,0
158,2684,16,158,0,0
159,2700,16,159,0,0
160,2716,16,160,0,0
161,2732,16,161,0,0
162,2748,16,162,0,0
163,2764,16,163,0,0
164,2780,16,164,0,0
165,2796,16,165,0,0
166,2812,16,166,0,0
167,2828,16,167,0,0
168,2844,16,168,0,0
169,2860,16,169,0,0
170,2876,16,170,0,0
171,2892,16,171,0,0
172,2908,16,172,0,0
173,2924,16,173,0,0
174,2940,16,174,0,0
175,2956,16,175,0,0
176,2972,16,176,0,0
177,2988,16,177,0,0
178,3004,16,178,0,0
179,3020,16,179,0,0
180,3036,16,180,0,0
181,3052,16,181,0,0
182,3068,16,182,0,0
183,3084,16,183,0,0
184,3100,16,184,0,0
185,3116,16,185,0,0
186,3132,16,186,0,0
187,3148,16,187,0,0
188,3164,16,188,0,0
189,3180,16,189,0,0
190,3196,16,190,0,0
191,3212,16,191,0,0
192,3228,16,192,0,0
193,3244,16,193,0,0
194,3260,16,194,0,0
195,3276,16,195,0,0
196,3292,16,196,0,0
197,3308,16,197,0,0
198,3324,16,198,0,0
199,3340,16,199,0,0
200,3356,16,200,0,0
201,3372,16,201,0,0
202,3388,16,202,0,0
203,3404,16,203,0,0
204,3420,16,204,0,0
205,3436,16,205,0,0
206,3452,16,206,0,0
207,3468,16,207,0,0
208,3484,16,208,0,0
209,3500,16,209,0,0
210,3516,16,210,0,0
211,3532,16,211,0,0
212,3548,16,212,0,0
213,3564,16,213,0,0
214,3580,16,214,0,0
215,3596,16,215,0,0
216,3612,16,216,0,0
217,3628,16,217,0,0
218,3644,16,218,0,0
219,3660,16,219,0,0
220,3676,16,220,0,0
221,3692,16,221,0,0
222,3708,16,222,0,0
223,3724,16,223,0,0
224,3740,16,224,0,0
225,3756,16,225,0,0
226,3772,16,226,0,0
227,3788,16,227,0,0
228,3804,16,228,0,0
229,3820,16,229,0,0
230,3836,16,230,0,0
231,3852,16,231,0,0
232,3868,16,232,0,0
233,3884,16,233,0,0
234,3900,16,234,0,0
235,3916,16,235,0,0
236,3932,16,236,0,0
237,3948,16,237,0,0
238,3964,16,238,0,0
239,3980,16,239,0,0
240,3996,16,240,0,0
241,4012,16,241,0,0
242,4028,16,242,0,0
243,4044,16,243,0,0
244,4060,16,244,0,0
245,4076,16,245,0,0
246,4092,16,246,0,0
247,4108,16,247,0,0
248,4124,16,248,0,0
249,4140,16,249,0,0
250,4156,16,250,0,0
251,4172,16,251,0,0
252,4188,16,252,0,0
253,4204,16,253,0,0
254,4220,16,254,0,0
255,4236,16,255,0,0
256,4252,16,256,0,0
257,4268,16,257,0,0
258,4284,16,258,0,0
259,4300,16,259,0,0
260,4316,16,260,0,0
261,4332,16,261,0,0
262,4348,16,262,0,0
263,4364,16,263,0,0
264,4388,24,264,0,0
265,4409,21,265,0,0
266,4435,26,266,0,0
267,4462,27,267,0,0
268,4487,25,268,0,0
269,4513,26,269,0,0
270,4538,25,270,0,0
271,4561,23,271,0,0
272,4587,26,272,0,0
273,4614,27,273,0,0
274,4640,26,274,0,0
275,4664,24,275,0,0
276,4685,21,276,0,0
277,4706,21,277,0,0
278,4727,21,278,0,0
279,4749,22,279,0,0
280,4770,21,280,0,0
281,4793,23,281,0,0
282,4816,23,282,0,0
283,4838,22,283,0,0
284,4857,19,284,0,0
285,4873,16,285,0,0
286,4892,19,286,0,0
287,4910,18,287,0,0
288,4926,16,288,0,0
289,4942,16,289,0,0
290,4958,16,290,0,0
291,4974,16,291,0,0
292,4990,16,292,0,0
293,5006,16,293,0,0
294,5022,16,294,0,0
295,5038,16,295,0,0
296,5054,16,296,0,0
297,5070,16,297,0,0
298,5086,16,298,0,0
299,5102,16,299,0,0
300,5118,16,300,0,0
301,5134,16,301,0,0
302,5150,16,302,0,0
303,5166,16,303,0,0
304,5182,16,304,0,0
305,5198,16,305,0,0
306,5214,16,306,0,0
307,5230,16,307,0,0
308,5246,16,308,0,0
309,5262,16,309,0,0
310,5278,16,310,0,0
311,5294,16,311,0,0
312,5310,16,312,0,0
313,5326,16,313,0,0
314,5342,16,314,0,0
315,5358,16,315,0,0
316,5374,16,316,0,0
317,5390,16,317,0,0
318,5406,16,318,0,0
319,5422,16,319,0,0
320,5438,16,320,0,0
321,5454,16,321,0,0
322,5470,16,322,0,0
323,5486,16,323,0,0
324,5502,16,324,0,0
325,5518,16,325,0,0
326,5534,16,326,0,0
327,5550,16,327,0,0
328,5566,16,328,0,0
329,5582,16,329,0,0
330,5598,16,330,0,0
331,5614,16,331,0,0
332,5630,16,332,0,0
333,5646,16,333,0,0
334,5662,16,334,0,0
335,5678,16,335,0,0
336,5694,16,336,0,0
337,5710,16,337,0,0
338,5726,16,338,0,0
339,5742,16,339,0,0
340,5758,16,340,0,0
341,5774,16,341,0,0
342,5790,16,342,0,0
343,5806,16,343,0,0
344,5822,16,344,0,0
345,5838,16,345,0,0
346,5854,16,346,0,0
347,5870,16,347,0,0
348,5886,16,348,0,0
349,5902,16,349,0,0
350,5918,16,350,0,0
351,5934,16,351,0,0
352,5950,16,352,0,0
353,5966,16,353,0,0
354,5982,16,354,0,0
355,5998,16,355,0,0
356,6014,16,356,0,0
357,6030,16,357,0,0
358,6046,16,358,0,0
359,6062,16,359,0,0
360,6078,16,360,0,0
361,6094,16,361,0,0
362,6110,16,362,0,0
363,6126,16,363,0,0
364,6142,16,364,0,0
365,6158,16,365,0,0
366,6174,16,366,0,0
367,6190,16,367,0,0
368,6206,16,368,0,0
369,6222,16,369,0,0
370,6238,16,370,0,0
371,6254,16,371,0,0
372,6270,16,372,0,0
373,6286,16,373,0,0
374,6302,16,374,0,0
375,6318,16,375,0,0
376,6334,16,376,0,0
377,6350,16,377,0,0
378,6366,16,378,0,0
379,6382,16,379,0,0
380,6398,16,380,0,0
381,6414,16,381,0,0
382,6430,16,382,0,0
383,6446,16,383,0,0
384,6462,16,384,0,0
385,6478,16,385,0,0
386,6494,16,386,0,0
387,6510,16,387,0,0
388,6526,16,388,0,0
389,6542,16,389,0,0
390,6558,16,390,0,0
391,6574,16,391,0,0
392,6590,16,392,0,0
393,6606,16,393,0,0
394,6622,16,394,0,0
395,6638,16,395,0,0
396,6654,16,396,0,0
397,6670,16,397,0,0
398,6686,16,398,0,0
399,6702,16,399,0,0
400,6718,16,400,0,0
401,6734,16,401,0,0
402,6750,16,402,0,0
403,6766,16,403,0,0
404,6782,16,404,0,0
405,6798,16,405,0,0
406,6814,16,406,0,0
407,6830,16,407,0,0
408,6846,16,408,0,0
409,6862,16,409,0,0
410,6878,16,410,0,0
411,6894,16,411,0,0
412,6910,16,412,0,0
413,6926,16,413,0,0
414,6942,16,414,0,0
415,6958,16,415,0,0
416,6974,16,416,0,0
417,6990,16,417,0,0
418,7006,16,418,0,0
419,7022,16,419,0,0
420,7038,16,420,0,0
421,7054,16,421,0,0
422,7070,16,422,0,0
423,7086,16,423,0,0
424,7102,16,424,0,0
425,7118,16,425,0,0
426,7134,16,426,0,0
427,7150,16,427,0,0
428,7166,16,428,0,0
429,7182,16,429,0,0
430,7198,16,430,0,0
431,7214,16,431,0,0
432,7230,16,432,0,0
433,7246,16,433,0,0
434,7262,16,434,0,0
435,7278,16,435,0,0
436,7294,16,436,0,0
437,7310,16,437,0,0
438,7326,16,438,0,0
439,7342,16,439,0,0
440,7358,16,440,0,0
441,7374,16,441,0,0
442,7390,16,442,0,0
443,7406,16,443,0,0
444,7422,16,444,0,0
445,7438,16,445,0,0
446,7454,16,446,0,0
447,7470,16,447,0,0
448,7486,16,448,0,0
449,7502,16,449,0,0
450,7518,16,450,0,0
451,7534,16,451,0,0
452,7550,16,452,0,0
453,7566,16,453,0,0
454,7582,16,454,0,0
455,7598,16,455,0,0
456,7614,16,456,0,0
457,7630,16,457,0,0
458,7646,16,458,0,0
459,7662,16,459,0,0
460,7678,16,460,0,0
461,7694,16,461,0,0
462,7710,16,462,0,0
463,7726,16,463,0,0
464,7742,16,464,0,0
465,7758,16,465,0,0
466,7774,16,466,0,0
467,7790,16,467,0,0
468,7806,16,468,0,0
469,7822,16,469,0,0
470,7838,16,470,0,0
471,7854,16,471,0,0
472,7870,16,472,0,0
473,7886,16,473,0,0
474,7902,16,474,0,0
475,7918,16,475,0,0
476,7934,16,476,0,0
477,7950,16,477,0,0
478,7966,16,478,0,0
479,7982,16,479,0,0
480,7998,16,480,0,0
481,8014,16,481,0,0
482,8030,16,482,0,0
483,8046,16,483,0,0
484,8062,16,484,0,0
485,8078,16,485,0,0
486,8094,16,486,0,0
487,8110,16,487,0,0
488,8126,16,488,0,0
489,8142,16,489,0,0
490,8158,16,490,0,0
491,8174,16,491,0,0
492,8190,16,492,0,0
493,8206,16,493,0,0
494,8222,16,494,0,0
495,8238,16,495,0,0
496,8254,16,496,0,0
497,8270,16,497,0,0
498,8286,16,498,0,0
499,8302,16,499,0,0
500,8318,16,500,0,0
501,8334,16,501,0,0
502,8350,16,502,0,0
503,8366,16,503,0,0
504,8382,16,504,0,0
505,8398,16,505,0,0
506,8414,16,506,0,0
507,8430,16,507,0,0
508,8446,16,508,0,0
509,8462,16,509,0,0
510,8478,16,510,0,0
511,8494,16,511,0,0
512,8510,16,512,0,0
513,8526,16,513,0,0
514,8542,16,514,0,0
515,8558,16,515,0,0
516,8574,16,516,0,0
517,8590,16,517,0,0
518,8608,18,518,0,0
519,8629,21,519,0,0
520,8650,21,520,0,0
521,8671,21,521,0,0
522,8691,20,522,0,0
523,8710,19,523,0,0
524,8730,20,524,0,0
525,8750,20,525,0,0
526,8771,21,526,0,0
527,8790,19,527,0,0
528,8807,17,528,0,0
529,8827,20,529,0,0
530,8846,19,530,0,0
531,8864,18,531,0,0
532,8883,19,532,0,0
533,8900,17,533,0,0
534,8918,18,534,0,0
535,8936,18,535,0,0
536,8954,18,536,0,0
537,8971,17,537,0,0
538,8987,16,538,0,0
539,9005,18,539,0,0
540,9021,16,540,0,0
541,9038,17,541,0,0
542,9055,17,542,0,0
543,9072,17,543,0,0
544,9088,16,543,0,1
545,9104,16,544,0,1
546,9121,17,545,0,1
547,9137,16,546,0,1
548,9153,16,547,0,1
549,9168,15,548,0,1
550,9184,16,549,0,1
551,9200,16,549,0,2
552,9215,15,550,0,2
553,9230,15,550,0,3
554,9245,15,551,0,3
555,9261,16,552,0,3
556,9291,30,552,0,5
557,9306,15,553,0,5
558,9336,30,554,0,5
559,9350,14,554,0,6
560,9365,15,554,0,7
561,9379,14,554,0,8
562,9394,15,554,0,9
563,9408,14,554,0,10
564,9422,14,554,0,11
565,9437,15,554,0,12
566,9451,14,554,0,13
567,9465,14,555,0,13
568,9478,13,556,0,13
569,9492,14,556,0,14
570,9506,14,556,0,15
571,9533,27,557,0,15
572,9547,14,557,0,16
573,9560,13,557,0,17
574,9573,13,557,0,18
575,9586,13,557,0,19
576,9600,14,558,0,19
577,9614,14,559,0,19
578,9628,14,559,0,20
579,9642,14,560,0,20
580,9656,14,561,0,20
581,9670,14,562,0,20
582,9684,14,563,0,20
583,9698,14,564,0,20
584,9712,14,565,0,20
585,9726,14,566,0,20
586,9740,14,567,0,20
587,9754,14,568,0,20
588,9768,14,569,0,20
589,9782,14,570,0,20
590,9796,14,571,0,20
591,9810,14,572,0,20
592,9824,14,573,0,20
593,9838,14,574,0,20
594,9852,14,575,0,20
595,9866,14,576,0,20
596,9880,14,577,0,20
597,9894,14,578,0,20
598,9908,14,579,0,20
599,9922,14,580,0,20
600,9936,14,581,0,20
601,9950,14,582,0,20
602,9964,14,583,0,20
603,9978,14,584,0,20
604,9992,14,585,0,20
605,10006,14,586,0,20
606,10020,14,587,0,20
607,10034,14,588,0,20
608,10048,14,589,0,20
609,10062,14,590,0,20
610,10076,14,591,0,20
611,10090,14,592,0,20
612,10104,14,593,0,20
613,10118,14,594,0,20
614,10132,14,595,0,20
615,10146,14,596,0,20
616,10160,14,597,0,20
617,10174,14,598,0,20
618,10188,14,599,0,20
619,10202,14,600,0,20
620,10216,14,601,0,20
621,10230,14,602,0,20
622,10244,14,603,0,20
623,10258,14,604,0,20
624,10272,14,605,0,20
625,10286,14,606,0,20
626,10300,14,607,0,20
627,10314,14,608,0,20
628,10328,14,609,0,20
629,10342,14,610,0,20
630,10356,14,611,0,20
631,10370,14,612,0,20
632,10384,14,613,0,20
633,10398,14,614,0,20
634,10412,14,615,0,20
635,10426,14,616,0,20
636,10440,14,617,0,20
637,10454,14,618,0,20
638,10468,14,619,0,20
639,10482,14,620,0,20
640,10496,14,621,0,20
641,10510,14,622,0,20
642,10524,14,623,0,20
643,10538,14,624,0,20
644,10552,14,625,0,20
645,10566,14,626,0,20
646,10580,14,627,0,20
647,10594,14,628,0,20
648,10608,14,629,0,20
649,10622,14,630,0,20
650,10636,14,631,0,20
651,10650,14,632,0,20
652,10664,14,633,0,20
653,10678,14,634,0,20
654,10692,14,635,0,20
655,10706,14,636,0,20
656,10720,14,637,0,20
657,10734,14,638,0,20
658,10748,14,639,0,20
659,10762,14,640,0,20
660,10776,14,641,0,20
661,10790,14,642,0,20
662,10804,14,643,0,20
663,10818,14,644,0,20
664,10832,14,645,0,20
665,10846,14,646,0,20
666,10860,14,647,0,20
667,10874,14,648,0,20
668,10888,14,649,0,20
669,10902,14,650,0,20
670,10916,14,651,0,20
671,10930,14,652,0,20
672,10944,14,653,0,20
673,10958,14,654,0,20
674,10972,14,655,0,20
675,10986,14,656,0,20
676,11000,14,657,0,20
677,11014,14,658,0,20
678,11028,14,659,0,20
679,11042,14,660,0,20
680,11056,14,661,0,20
681,11070,14,662,0,20
682,11084,14,663,0,20
683,11098,14,663,0,21
684,11112,14,664,0,21
685,11126,14,665,0,21
686,11140,14,666,0,21
687,11154,14,667,0,21
688,11168,14,668,0,21
689,11182,14,668,0,22
690,11196,14,669,0,22
691,11210,14,670,0,22
692,11224,14,671,0,22
693,11238,14,672,0,22
694,11252,14,673,0,22
695,11266,14,674,0,22
696,11280,14,675,0,22
697,11294,14,676,0,22
698,11308,14,677,0,22
699,11322,14,678,0,22
700,11336,14,679,0,22
701,11350,14,680,0,22
702,11364,14,681,0,22
703,11378,14,682,0,22
704,11392,14,683,0,22
705,11406,14,684,0,22
706,11420,14,685,0,22
707,11434,14,686,0,22
708,11448,14,687,0,22
709,11462,14,688,0,22
710,11476,14,689,0,22
711,11490,14,690,0,22
712,11504,14,691,0,22
713,11518,14,692,0,22
714,11532,14,693,0,22
715,11546,14,694,0,22
716,11560,14,695,0,22
717,11574,14,696,0,22
718,11588,14,697,0,22
719,11602,14,698,0,22
720,11616,14,699,0,22
721,11630,14,700,0,22
722,11644,14,701,0,22
723,11658,14,702,0,22
724,11672,14,703,0,22
725,11686,14,704,0,22
726,11700,14,705,0,22
727,11714,14,706,0,22
728,11728,14,707,0,22
729,11742,14,708,0,22
730,11756,14,709,0,22
731,11770,14,710,0,22
732,11784,14,711,0,22
733,11798,14,712,0,22
734,11812,14,713,0,22
735,11826,14,714,0,22
736,11840,14,715,0,22
737,11854,14,716,0,22
738,11868,14,717,0,22
739,11882,14,718,0,22
740,11896,14,719,0,22
741,11910,14,720,0,22
742,11924,14,721,0,22
743,11938,14,722,0,22
744,11952,14,723,0,22
745,11966,14,724,0,22
746,11980,14,725,0,22
747,11994,14,726,0,22
748,12008,14,727,0,22
749,12022,14,728,0,22
750,12036,14,729,0,22
751,12050,14,730,0,22
752,12064,14,731,0,22
753,12078,14,732,0,22
754,12092,14,733,0,22
755,12106,14,734,0,22
756,12120,14,735,0,22
757,12134,14,736,0,22
758,12148,14,737,0,22
759,12162,14,738,0,22
760,12176,14,739,0,22
761,12190,14,740,0,22
762,12204,14,741,0,22
763,12218,14,742,0,22
764,12232,14,743,0,22
765,12246,14,744,0,22
766,12260,14,745,0,22
767,12274,14,746,0,22
768,12288,14,747,0,22
769,12302,14,748,0,22
770,12316,14,749,0,22
771,12330,14,750,0,22
772,12344,14,751,0,22
773,12358,14,752,0,22
774,12372,14,753,0,22
775,12386,14,754,0,22
776,12400,14,755,0,22
777,12414,14,756,0,22
778,12428,14,757,0,22
779,12442,14,758,0,22
780,12456,14,759,0,22
781,12470,14,760,0,22
782,12484,14,761,0,22
783,12498,14,762,0,22
784,12512,14,763,0,22
785,12526,14,764,0,22
786,12540,14,765,0,22
787,12554,14,766,0,22
788,12568,14,767,0,22
789,12582,14,768,0,22
790,12596,14,769,0,22
791,12610,14,769,0,23
792,12624,14,770,0,23
793,12638,14,771,0,23
794,12652,14,772,0,23
795,12666,14,773,0,23
796,12680,14,774,0,23
797,12694,14,775,0,23
798,12708,14,776,0,23
799,12722,14,777,0,23
800,12736,14,778,0,23
801,12750,14,779,0,23
802,12764,14,780,0,23
803,12778,14,781,0,23
804,12792,14,782,0,23
805,12806,14,783,0,23
806,12820,14,784,0,23
807,12834,14,785,0,23
808,12848,14,786,0,23
809,12862,14,787,0,23
810,12876,14,788,0,23
811,12890,14,789,0,23
812,12904,14,790,0,23
813,12918,14,791,0,23
814,12932,14,792,0,23
815,12946,14,793,0,23
816,12960,14,794,0,23
817,12974,14,795,0,23
818,12988,14,796,0,23
819,13002,14,797,0,23
820,13016,14,798,0,23
821,13030,14,799,0,23
822,13044,14,800,0,23
823,13058,14,801,0,23
824,13072,14,802,0,23
825,13086,14,803,0,23
826,13100,14,804,0,23
827,13114,14,805,0,23
828,13128,14,806,0,23
829,13142,14,807,0,23
830,13156,14,808,0,23
831,13170,14,809,0,23
832,13184,14,810,0,23
833,13198,14,811,0,23
834,13212,14,812,0,23
835,13226,14,813,0,23
836,13240,14,814,0,23
837,13254,14,815,0,23
838,13268,14,816,0,23
839,13282,14,817,0,23
840,13296,14,818,0,23
841,13310,14,819,0,23
842,13324,14,820,0,23
843,13338,14,821,0,23
844,13352,14,822,0,23
845,13366,14,823,0,23
846,13380,14,824,0,23
847,13394,14,825,0,23
848,13408,14,826,0,23
849,13422,14,827,0,23
850,13436,14,828,0,23
851,13450,14,829,0,23
852,13464,14,830,0,23
853,13478,14,831,0,23
854,13492,14,832,0,23
855,13506,14,833,0,23
856,13520,14,834,0,23
857,13534,14,835,0,23
858,13548,14,836,0,23
859,13562,14,837,0,23
860,13576,14,838,0,23
861,13590,14,839,0,23
862,13604,14,840,0,23
863,13618,14,841,0,23
864,13632,14,842,0,23
865,13646,14,843,0,23
866,13660,14,844,0,23
867,13674,14,845,0,23
868,13688,14,846,0,23
869,13702,14,847,0,23
870,13716,14,848,0,23
871,13730,14,849,0,23
872,13744,14,850,0,23
873,13758,14,851,0,23
874,13772,14,852,0,23
875,13786,14,853,0,23
876,13800,14,854,0,23
877,13814,14,855,0,23
878,13828,14,856,0,23
879,13842,14,857,0,23
880,13856,14,858,0,23
881,13870,14,859,0,23
882,13884,14,860,0,23
883,13898,14,861,0,23
884,13912,14,862,0,23
885,13926,14,863,0,23
886,13940,14,864,0,23
887,13954,14,865,0,23
888,13968,14,866,0,23
889,13982,14,867,0,23
890,13996,14,868,0,23
891,14010,14,869,0,23
892,14024,14,870,0,23
893,14038,14,871,0,23
894,14052,14,872,0,23
895,14066,14,873,0,23
896,14080,14,874,0,23
897,14094,14,875,0,23
898,14108,14,876,0,23
899,14122,14,877,0,23
900,14136,14,878,0,23
901,14150,14,879,0,23
902,14164,14,880,0,23
903,14178,14,881,0,23
904,14192,14,882,0,23
905,14206,14,883,0,23
906,14220,14,884,0,23
907,14234,14,885,0,23
908,14248,14,886,0,23
909,14262,14,887,0,23
910,14276,14,888,0,23
911,14290,14,889,0,23
912,14304,14,890,0,23
913,14318,14,891,0,23
914,14332,14,892,0,23
915,14346,14,893,0,23
916,14360,14,894,0,23
917,14374,14,895,0,23
918,14388,14,896,0,23
919,14402,14,897,0,23
920,14416,14,898,0,23
921,14430,14,899,0,23
922,14444,14,900,0,23
923,14458,14,901,0,23
924,14472,14,902,0,23
925,14486,14,903,0,23
926,14500,14,904,0,23
927,14514,14,905,0,23
928,14528,14,906,0,23
929,14542,14,907,0,23
930,14556,14,908,0,23
931,14570,14,909,0,23
932,14584,14,910,0,23
933,14598,14,911,0,23
934,14612,14,912,0,23
935,14626,14,913,0,23
936,14640,14,914,0,23
937,14654,14,915,0,23
938,14668,14,916,0,23
939,14682,14,917,0,23
940,14696,14,918,0,23
941,14710,14,919,0,23
942,14724,14,920,0,23
943,14738,14,921,0,23
944,14752,14,922,0,23
945,14766,14,923,0,23
946,14780,14,924,0,23
947,14794,14,925,0,23
948,14808,14,926,0,23
949,14822,14,927,0,23
950,14835,13,927,0,24
951,14848,13,927,0,25
952,14861,13,927,0,26
953,14874,13,927,0,27
954,14901,27,927,0,29
955,14913,12,927,0,30
956,14926,13,927,0,31
957,14939,13,928,0,31
958,14952,13,928,0,32
959,14965,13,928,0,33
960,14991,26,928,0,34
961,15028,37,929,0,35
962,15053,25,929,0,37
963,15077,24,930,0,38
964,15089,12,930,0,39
965,15101,12,930,0,40
966,15112,11,930,0,41
967,15124,12,930,0,42
968,15135,11,930,0,43
969,15147,12,930,0,44
970,15158,11,930,0,45
971,15170,12,930,0,46
972,15181,11,930,0,47
973,15192,11,930,0,48
974,15227,35,930,0,51
975,15238,11,931,0,51
976,15249,11,931,0,52
977,15272,23,931,0,54
978,15283,11,931,0,55
979,15305,22,931,0,57
980,15327,22,931,0,59
981,15338,11,931,0,60
982,15349,11,931,0,61
983,15360,11,932,0,61
984,15392,32,933,0,62
985,15425,33,933,0,65
986,15435,10,933,0,66
987,15446,11,933,0,67
988,15488,42,933,0,70
989,15498,10,933,0,71
990,15529,31,934,0,72
991,15540,11,935,0,72
992,15550,10,935,0,73
993,15560,10,935,0,74
994,15570,10,935,0,75
995,15579,9,935,0,76
996,15600,21,935,0,78
997,15630,30,936,0,78
998,15640,10,936,0,79
999,15650,10,936,0,80
1000,15670,20,937,0,80
1001,15679,9,937,0,81
1002,15689,10,937,0,82
1003,15698,9,937,0,83
1004,15708,10,937,0,84
1005,15717,9,937,0,85
1006,15756,39,937,0,88
1007,15775,19,938,0,88
1008,15784,9,938,0,89
1009,15794,10,938,0,90
1010,15803,9,938,0,91
1011,15812,9,938,0,92
1012,15831,19,938,0,94
1013,15840,9,938,0,95
1014,15849,9,938,0,96
1015,15859,10,938,0,97
1016,15868,9,938,0,98
1017,15877,9,938,0,99
1018,15886,9,938,0,100
1019,15895,9,938,0,101
1020,15904,9,938,0,102
1021,15913,9,938,0,103
1022,15931,18,938,0,104
1023,15940,9,938,0,105
1024,15968,28,938,0,107
1025,15986,18,938,0,108
1026,16004,18,938,0,109
1027,16066,62,939,0,113
1028,16075,9,939,0,114
1029,16084,9,939,0,115
1030,16101,17,939,0,117
1031,16110,9,939,0,118
1032,16127,17,939,0,120
1033,16136,9,939,0,121
1034,16162,26,939,0,124
1035,16179,17,940,0,124
1036,16196,17,940,0,126
1037,16223,27,941,0,126
1038,16231,8,941,0,127
1039,16239,8,941,0,128
1040,16256,17,941,0,130
1041,16264,8,941,0,131
1042,16272,8,941,0,132
1043,16288,16,941,0,134
1044,16330,42,942,0,135
1045,16364,34,942,0,139
1046,16405,41,942,0,142
1047,16413,8,942,0,143
1048,16438,25,942,0,146
1049,16462,24,943,0,147
1050,16470,8,943,0,148
1051,16478,8,943,0,149
1052,16494,16,944,0,149
1053,16502,8,945,0,149
1054,16526,24,945,0,151
1055,16534,8,945,0,152
1056,16550,16,945,0,153
1057,16557,7,945,0,154
1058,16573,16,946,0,154
1059,16589,16,946,0,156
1060,16638,49,947,0,159
1061,16646,8,947,0,160
1062,16661,15,947,0,162
1063,16677,16,948,0,162
1064,16684,7,948,0,163
1065,16692,8,948,0,164
1066,16715,23,948,0,166
1067,16753,38,949,0,168
1068,16784,31,949,0,171
1069,16791,7,949,0,172
1070,16798,7,949,0,173
1071,16829,31,949,0,175
1072,16836,7,949,0,176
1073,16858,22,949,0,179
1074,16880,22,949,0,181
1075,16895,15,950,0,181
1076,16917,22,950,0,182
1077,16961,44,950,0,186
1078,16968,7,950,0,187
1079,16990,22,950,0,189
1080,17063,73,952,0,192
1081,17106,43,953,0,193
1082,17120,14,953,0,195
1083,17155,35,953,0,199
1084,17169,14,953,0,201
1085,17190,21,953,0,204
1086,17274,84,955,0,208
1087,17294,20,955,0,211
1088,17355,61,957,0,216
1089,17404,49,957,0,223
1090,17418,14,958,0,224
1091,17432,14,959,0,225
1092,17439,7,960,0,225
1093,17446,7,960,0,226
1094,17467,21,961,0,226
1095,17481,14,962,0,226
1096,17495,14,963,0,226
1097,17502,7,964,0,226
1098,17523,21,965,0,226
1099,17558,35,968,0,226
1100,17572,14,969,0,227
1101,17628,56,969,0,235
1102,17642,14,970,0,236
1103,17698,56,970,0,244
1104,17719,21,972,0,245
1105,17761,42,972,0,251
1106,17782,21,974,0,252
1107,17831,49,974,0,259
1108,17845,14,975,0,260
1109,17859,14,976,0,261
1110,17866,7,977,0,261
1111,17908,42,979,0,264
1112,17922,14,980,0,265
1113,17978,56,980,0,273
1114,17999,21,982,0,274
1115,18055,56,982,0,282
1116,18069,14,983,0,283
1117,18125,56,983,0,291
1118,18139,14,984,0,292
1119,18153,14,985,0,293
1120,18195,42,987,0,297
1121,18216,21,989,0,298
1122,18272,56,989,0,306
1123,18286,14,990,0,307
1124,18342,56,990,0,315
1125,18356,14,991,0,316
1126,18405,49,991,0,323
1127,18426,21,993,0,324
1128,18482,56,993,0,332
1129,18496,14,994,0,333
1130,18552,56,994,0,341
1131,18566,14,995,0,342
1132,18580,14,996,0,343
1133,18622,42,999,0,346
1134,18636,14,1000,0,347
1135,18650,14,1001,0,348
1136,18657,7,1002,0,348
1137,18664,7,1002,0,349
1138,18685,21,1003,0,349
1139,18699,14,1004,0,349
1140,18713,14,1005,0,349
1141,18720,7,1006,0,349
1142,18741,21,1007,0,349
1143,18776,35,1010,0,349
1144,18790,14,1010,0,351
1145,18846,56,1010,0,359
1146,18860,14,1011,0,360
1147,18916,56,1011,0,368
1148,18937,21,1013,0,369
1149,18979,42,1013,0,375
1150,19000,21,1015,0,376
1151,19049,49,1015,0,383
1152,19070,21,1017,0,384
1153,19077,7,1017,0,385
1154,19084,7,1017,0,386
1155,19126,42,1020,0,387
1156,19140,14,1021,0,388
1157,19196,56,1021,0,396
1158,19217,21,1023,0,397
1159,19273,56,1023,0,405
1160,19287,14,1024,0,406
1161,19343,56,1024,0,414
1162,19357,14,1025,0,415
1163,19371,14,1026,0,416
1164,19413,42,1028,0,420
1165,19434,21,1030,0,421
1166,19490,56,1030,0,429
1167,19504,14,1031,0,430
1168,19560,56,1031,0,438
1169,19574,14,1032,0,439
1170,19588,14,1033,0,440
1171,19595,7,1034,0,440
1172,19602,7,1034,0,441
1173,19637,35,1037,0,441
1174,19651,14,1038,0,442
1175,19658,7,1039,0,442
1176,19665,7,1039,0,443
1177,19686,21,1040,0,443
1178,19700,14,1041,0,443
1179,19721,21,1042,0,444
1180,19728,7,1043,0,444
1181,19749,21,1044,0,444
1182,19777,28,1046,0,444
1183,19791,14,1047,0,445
1184,19840,49,1047,0,452
1185,19861,21,1049,0,453
1186,19917,56,1049,0,461
1187,19931,14,1050,0,462
1188,19987,56,1050,0,470
1189,20001,14,1051,0,471
1190,20015,14,1052,0,472
1191,20022,7,1053,0,472
1192,20029,7,1053,0,473
1193,20064,35,1056,0,473
1194,20078,14,1057,0,474
1195,20134,56,1057,0,482
1196,20155,21,1059,0,483
1197,20204,49,1059,0,490
1198,20225,21,1061,0,491
1199,20267,42,1061,0,497
1200,20288,21,1063,0,498
1201,20344,56,1063,0,506
1202,20358,14,1064,0,507
1203,20414,56,1064,0,515
1204,20435,21,1066,0,516
1205,20491,56,1066,0,524
1206,20505,14,1067,0,525
1207,20561,56,1067,0,533
1208,20582,21,1069,0,534
1209,20631,49,1069,0,541
1210,20652,21,1071,0,542
1211,20708,56,1071,0,550
1212,20722,14,1072,0,551
1213,20778,56,1072,0,559
1214,20799,21,1074,0,560
1215,20841,42,1074,0,566
1216,20862,21,1076,0,567
1217,20918,56,1076,0,575
1218,20932,14,1077,0,576
1219,20988,56,1077,0,584
1220,21009,21,1079,0,585
1221,21058,49,1079,0,592
1222,21072,14,1080,0,593
1223,21086,14,1081,0,594
1224,21093,7,1082,0,594
1225,21135,42,1084,0,597
1226,21149,14,1085,0,598
1227,21205,56,1085,0,606
1228,21226,21,1087,0,607
1229,21275,49,1087,0,614
1230,21296,21,1089,0,615
1231,21352,56,1089,0,623
1232,21366,14,1090,0,624
1233,21422,56,1090,0,632
1234,21436,14,1091,0,633
1235,21485,49,1091,0,640
1236,21506,21,1093,0,641
1237,21562,56,1093,0,649
1238,21576,14,1094,0,650
1239,21632,56,1094,0,658
1240,21646,14,1095,0,659
1241,21660,14,1096,0,660
1242,21667,7,1097,0,660
1243,21674,7,1097,0,661
1244,21716,42,1100,0,662
1245,21730,14,1101,0,663
1246,21737,7,1102,0,663
1247,21744,7,1102,0,664
1248,21779,35,1105,0,664
1249,21793,14,1106,0,665
1250,21849,56,1106,0,673
1251,21863,14,1107,0,674
1252,21877,14,1108,0,675
1253,21884,7,1109,0,675
1254,21891,7,1109,0,676
1255,21926,35,1112,0,676
1256,21940,14,1113,0,677
1257,21996,56,1113,0,685
1258,22017,21,1115,0,686
1259,22059,42,1115,0,692
1260,22080,21,1117,0,693
1261,22136,56,1117,0,701
1262,22150,14,1118,0,702
1263,22206,56,1118,0,710
1264,22227,21,1120,0,711
1265,22276,49,1120,0,718
1266,22297,21,1122,0,719
1267,22353,56,1122,0,727
1268,22367,14,1123,0,728
1269,22423,56,1123,0,736
1270,22444,21,1125,0,737
1271,22493,49,1125,0,744
1272,22514,21,1127,0,745
1273,22570,56,1127,0,753
1274,22584,14,1128,0,754
1275,22640,56,1128,0,762
1276,22654,14,1129,0,763
1277,22703,49,1129,0,770
1278,22724,21,1131,0,771
1279,22780,56,1131,0,779
1280,22794,14,1132,0,780
1281,22850,56,1132,0,788
1282,22871,21,1134,0,789
1283,22920,49,1134,0,796
1284,22934,14,1135,0,797
1285,22948,14,1136,0,798
1286,22955,7,1137,0,798
1287,22962,7,1137,0,799
1288,22997,35,1140,0,799
1289,23011,14,1141,0,800
1290,23067,56,1141,0,808
1291,23088,21,1143,0,809
1292,23144,56,1143,0,817
1293,23158,14,1144,0,818
1294,23214,56,1144,0,826
1295,23235,21,1146,0,827
1296,23284,49,1146,0,834
1297,23298,14,1147,0,835
1298,23347,49,1147,0,842
1299,23361,14,1148,0,843
1300,23375,14,1149,0,844
1301,23382,7,1150,0,844
1302,23424,42,1152,0,847
1303,23438,14,1153,0,848
1304,23494,56,1153,0,856
1305,23515,21,1155,0,857
1306,23571,56,1155,0,865
1307,23585,14,1156,0,866
1308,23641,56,1156,0,874
1309,23655,14,1157,0,875
1310,23669,14,1158,0,876
1311,23711,42,1160,0,880
1312,23732,21,1162,0,881
1313,23788,56,1162,0,889
1314,23802,14,1163,0,890
1315,23858,56,1163,0,898
1316,23879,21,1165,0,899
1317,23921,42,1165,0,905
1318,23942,21,1167,0,906
1319,23998,56,1167,0,914
1320,24012,14,1168,0,915
1321,24068,56,1168,0,923
1322,24089,21,1170,0,924
1323,24138,49,1170,0,931
1324,24152,14,1171,0,932
1325,24166,14,1172,0,933
1326,24173,7,1173,0,933
1327,24215,42,1175,0,936
1328,24229,14,1176,0,937
1329,24285,56,1176,0,945
1330,24306,21,1178,0,946
1331,24362,56,1178,0,954
1332,24376,14,1179,0,955
1333,24432,56,1179,0,963
1334,24453,21,1181,0,964
1335,24502,49,1181,0,971
1336,24523,21,1183,0,972
1337,24565,42,1183,0,978
1338,24579,14,1184,0,979
1339,24593,14,1185,0,980
1340,24600,7,1186,0,980
1341,24642,42,1188,0,983
1342,24656,14,1189,0,984
1343,24712,56,1189,0,992
1344,24733,21,1191,0,993
1345,24789,56,1191,0,1001
1346,24803,14,1192,0,1002
1347,24859,56,1192,0,1010
1348,24880,21,1194,0,1011
1349,24929,49,1194,0,1018
1350,24950,21,1196,0,1019
1351,25006,56,1196,0,1027
1352,25020,14,1197,0,1028
1353,25076,56,1197,0,1036
1354,25097,21,1199,0,1037
1355,25139,42,1199,0,1043
1356,25160,21,1201,0,1044
1357,25216,56,1201,0,1052
1358,25230,14,1202,0,1053
1359,25286,56,1202,0,1061
1360,25307,21,1204,0,1062
1361,25356,49,1204,0,1069
1362,25377,21,1206,0,1070
1363,25433,56,1206,0,1078
1364,25447,14,1207,0,1079
1365,25503,56,1207,0,1087
1366,25524,21,1209,0,1088
1367,25580,56,1209,0,1096
1368,25594,14,1210,0,1097
1369,25650,56,1210,0,1105
1370,25671,21,1212,0,1106
1371,25720,49,1212,0,1113
1372,25734,14,1213,0,1114
1373,25783,49,1213,0,1121
1374,25804,21,1215,0,1122
1375,25811,7,1215,0,1123
1376,25818,7,1215,0,1124
1377,25839,21,1216,0,1124
1378,25867,28,1218,0,1124
1379,25881,14,1219,0,1125
1380,25930,49,1219,0,1132
1381,25951,21,1221,0,1133
1382,26007,56,1221,0,1141
1383,26021,14,1222,0,1142
1384,26077,56,1222,0,1150
1385,26091,14,1223,0,1151
1386,26105,14,1224,0,1152
1387,26147,42,1226,0,1156
1388,26168,21,1228,0,1157
1389,26224,56,1228,0,1165
1390,26238,14,1229,0,1166
1391,26294,56,1229,0,1174
1392,26315,21,1231,0,1175
1393,26357,42,1231,0,1181
1394,26378,21,1233,0,1182
1395,26441,63,1233,0,1191
1396,26455,14,1234,0,1192
1397,26462,7,1235,0,1192
1398,26504,42,1237,0,1195
1399,26525,21,1239,0,1196
1400,26574,49,1239,0,1203
1401,26588,14,1240,0,1204
1402,26602,14,1241,0,1205
1403,26609,7,1242,0,1205
1404,26651,42,1244,0,1208
1405,26665,14,1245,0,1209
1406,26721,56,1245,0,1217
1407,26742,21,1247,0,1218
1408,26798,56,1247,0,1226
1409,26812,14,1248,0,1227
1410,26868,56,1248,0,1235
1411,26889,21,1250,0,1236
1412,26938,49,1250,0,1243
1413,26959,21,1252,0,1244
1414,27001,42,1252,0,1250
1415,27022,21,1254,0,1251
1416,27029,7,1254,0,1252
1417,27036,7,1254,0,1253
1418,27078,42,1257,0,1254
1419,27092,14,1258,0,1255
1420,27148,56,1258,0,1263
1421,27169,21,1260,0,1264
1422,27225,56,1260,0,1272
1423,27239,14,1261,0,1273
1424,27295,56,1261,0,1281
1425,27316,21,1263,0,1282
1426,27365,49,1263,0,1289
1427,27386,21,1265,0,1290
1428,27442,56,1265,0,1298
1429,27456,14,1266,0,1299
1430,27512,56,1266,0,1307
1431,27533,21,1268,0,1308
1432,27582,49,1268,0,1315
1433,27596,14,1269,0,1316
1434,27659,63,1269,0,1325
1435,27673,14,1270,0,1326
1436,27680,7,1271,0,1326
1437,27722,42,1273,0,1329
1438,27743,21,1275,0,1330
1439,27792,49,1275,0,1337
1440,27813,21,1277,0,1338
1441,27869,56,1277,0,1346
1442,27883,14,1278,0,1347
1443,27939,56,1278,0,1355
1444,27953,14,1279,0,1356
1445,27967,14,1280,0,1357
1446,27974,7,1281,0,1357
1447,27981,7,1281,0,1358
1448,27995,14,1282,0,1358
1449,28009,14,1283,0,1358
1450,28023,14,1284,0,1358
1451,28044,21,1285,0,1359
1452,28051,7,1286,0,1359
1453,28086,35,1289,0,1359
1454,28100,14,1290,0,1360
1455,28156,56,1290,0,1368
1456,28177,21,1292,0,1369
1457,28219,42,1292,0,1375
1458,28240,21,1294,0,1376
1459,28296,56,1294,0,1384
1460,28310,14,1295,0,1385
1461,28366,56,1295,0,1393
1462,28387,21,1297,0,1394
1463,28443,56,1297,0,1402
1464,28457,14,1298,0,1403
1465,28513,56,1298,0,1411
1466,28527,14,1299,0,1412
1467,28583,56,1299,0,1420
1468,28604,21,1301,0,1421
1469,28660,56,1301,0,1429
1470,28674,14,1302,0,1430
1471,28730,56,1302,0,1438
1472,28751,21,1304,0,1439
1473,28800,49,1304,0,1446
1474,28821,21,1306,0,1447
1475,28877,56,1306,0,1455
1476,28891,14,1307,0,1456
1477,28898,7,1308,0,1456
1478,28940,42,1310,0,1459
1479,28961,21,1312,0,1460
1480,29010,49,1312,0,1467
1481,29031,21,1314,0,1468
1482,29087,56,1314,0,1476
1483,29101,14,1315,0,1477
1484,29157,56,1315,0,1485
1485,29171,14,1316,0,1486
1486,29185,14,1317,0,1487
1487,29227,42,1319,0,1491
1488,29248,21,1321,0,1492
1489,29304,56,1321,0,1500
1490,29318,14,1322,0,1501
1491,29374,56,1322,0,1509
1492,29395,21,1324,0,1510
1493,29437,42,1324,0,1516
1494,29458,21,1326,0,1517
1495,29521,63,1326,0,1526
1496,29542,21,1328,0,1527
1497,29584,42,1328,0,1533
1498,29605,21,1330,0,1534
1499,29654,49,1330,0,1541
1500,29668,14,1331,0,1542
1501,29682,14,1332,0,1543
1502,29689,7,1333,0,1543
1503,29731,42,1335,0,1546
1504,29745,14,1336,0,1547
1505,29801,56,1336,0,1555
1506,29822,21,1338,0,1556
1507,29878,56,1338,0,1564
1508,29892,14,1339,0,1565
1509,29948,56,1339,0,1573
1510,29969,21,1341,0,1574
1511,30018,49,1341,0,1581
1512,30039,21,1343,0,1582
1513,30081,42,1343,0,1588
1514,30095,14,1344,0,1589
1515,30109,14,1345,0,1590
1516,30116,7,1346,0,1590
1517,30158,42,1348,0,1593
1518,30172,14,1349,0,1594
1519,30228,56,1349,0,1602
1520,30249,21,1351,0,1603
1521,30305,56,1351,0,1611
1522,30319,14,1352,0,1612
1523,30375,56,1352,0,1620
1524,30396,21,1354,0,1621
1525,30445,49,1354,0,1628
1526,30466,21,1356,0,1629
1527,30522,56,1356,0,1637
1528,30536,14,1357,0,1638
1529,30592,56,1357,0,1646
1530,30613,21,1359,0,1647
1531,30655,42,1359,0,1653
1532,30676,21,1361,0,1654
1533,30739,63,1361,0,1663
1534,30753,14,1362,0,1664
1535,30802,49,1362,0,1671
1536,30823,21,1364,0,1672
1537,30872,49,1364,0,1679
1538,30886,14,1365,0,1680
1539,30900,14,1366,0,1681
1540,30907,7,1367,0,1681
1541,30914,7,1367,0,1682
1542,30949,35,1370,0,1682
1543,30963,14,1371,0,1683
1544,31019,56,1371,0,1691
1545,31033,14,1372,0,1692
1546,31047,14,1373,0,1693
1547,31054,7,1374,0,1693
1548,31061,7,1374,0,1694
1549,31075,14,1375,0,1694
1550,31089,14,1376,0,1694
1551,31103,14,1377,0,1694
1552,31124,21,1378,0,1695
1553,31166,42,1380,0,1699
1554,31187,21,1382,0,1700
1555,31236,49,1382,0,1707
1556,31250,14,1383,0,1708
1557,31299,49,1383,0,1715
1558,31320,21,1385,0,1716
1559,31327,7,1385,0,1717
1560,31334,7,1385,0,1718
1561,31355,21,1386,0,1718
1562,31383,28,1388,0,1718
1563,31397,14,1389,0,1719
1564,31446,49,1389,0,1726
1565,31467,21,1391,0,1727
1566,31523,56,1391,0,1735
1567,31537,14,1392,0,1736
1568,31593,56,1392,0,1744
1569,31614,21,1394,0,1745
1570,31663,49,1394,0,1752
1571,31684,21,1396,0,1753
1572,31740,56,1396,0,1761
1573,31754,14,1397,0,1762
1574,31810,56,1397,0,1770
1575,31831,21,1399,0,1771
1576,31873,42,1399,0,1777
1577,31894,21,1401,0,1778
1578,31957,63,1401,0,1787
1579,31971,14,1402,0,1788
1580,32020,49,1402,0,1795
1581,32041,21,1404,0,1796
1582,32090,49,1404,0,1803
1583,32111,21,1406,0,1804
1584,32167,56,1406,0,1812
1585,32181,14,1407,0,1813
1586,32237,56,1407,0,1821
1587,32258,21,1409,0,1822
1588,32314,56,1409,0,1830
1589,32328,14,1410,0,1831
1590,32384,56,1410,0,1839
1591,32405,21,1412,0,1840
1592,32454,49,1412,0,1847
1593,32475,21,1414,0,1848
1594,32517,42,1414,0,1854
1595,32538,21,1416,0,1855
1596,32545,7,1416,0,1856
1597,32559,14,1417,0,1856
1598,32566,7,1417,0,1857
1599,32601,35,1420,0,1857
1600,32615,14,1421,0,1858
1601,32664,49,1421,0,1865
1602,32685,21,1423,0,1866
1603,32741,56,1423,0,1874
1604,32755,14,1424,0,1875
1605,32811,56,1424,0,1883
1606,32832,21,1426,0,1884
1607,32881,49,1426,0,1891
1608,32902,21,1428,0,1892
1609,32958,56,1428,0,1900
1610,32972,14,1429,0,1901
1611,33028,56,1429,0,1909
1612,33049,21,1431,0,1910
1613,33105,56,1431,0,1918
1614,33119,14,1432,0,1919
1615,33175,56,1432,0,1927
1616,33189,14,1433,0,1928
1617,33196,7,1434,0,1928
1618,33238,42,1436,0,1931
1619,33259,21,1438,0,1932
1620,33308,49,1438,0,1939
1621,33329,21,1440,0,1940
1622,33385,56,1440,0,1948
1623,33399,14,1441,0,1949
1624,33455,56,1441,0,1957
1625,33476,21,1443,0,1958
1626,33532,56,1443,0,1966
1627,33546,14,1444,0,1967
1628,33602,56,1444,0,1975
1629,33623,21,1446,0,1976
1630,33672,49,1446,0,1983
1631,33693,21,1448,0,1984
1632,33735,42,1448,0,1990
1633,33756,21,1450,0,1991
1634,33763,7,1450,0,1992
1635,33777,14,1451,0,1992
1636,33784,7,1451,0,1993
1637,33819,35,1454,0,1993
1638,33833,14,1455,0,1994
1639,33882,49,1455,0,2001
1640,33903,21,1457,0,2002
1641,33959,56,1457,0,2010
1642,33973,14,1458,0,2011
1643,34029,56,1458,0,2019
1644,34050,21,1460,0,2020
1645,34099,49,1460,0,2027
1646,34113,14,1461,0,2028
1647,34127,14,1462,0,2029
1648,34134,7,1463,0,2029
1649,34141,7,1463,0,2030
1650,34155,14,1464,0,2030
1651,34169,14,1465,0,2030
1652,34183,14,1466,0,2030
1653,34204,21,1467,0,2031
1654,34246,42,1469,0,2035
1655,34267,21,1471,0,2036
1656,34316,49,1471,0,2043
1657,34330,14,1472,0,2044
1658,34393,63,1472,0,2053
1659,34407,14,1473,0,2054
1660,34414,7,1474,0,2054
1661,34456,42,1476,0,2057
1662,34477,21,1478,0,2058
1663,34526,49,1478,0,2065
1664,34547,21,1480,0,2066
1665,34603,56,1480,0,2074
1666,34617,14,1481,0,2075
1667,34673,56,1481,0,2083
1668,34694,21,1483,0,2084
1669,34743,49,1483,0,2091
1670,34764,21,1485,0,2092
1671,34820,56,1485,0,2100
1672,34834,14,1486,0,2101
1673,34890,56,1486,0,2109
1674,34911,21,1488,0,2110
1675,34967,56,1488,0,2118
1676,34981,14,1489,0,2119
1677,35037,56,1489,0,2127
1678,35051,14,1490,0,2128
1679,35100,49,1490,0,2135
1680,35121,21,1492,0,2136
1681,35177,56,1492,0,2144
1682,35191,14,1493,0,2145
1683,35247,56,1493,0,2153
1684,35261,14,1494,0,2154
1685,35317,56,1494,0,2162
1686,35338,21,1496,0,2163
1687,35394,56,1496,0,2171
1688,35408,14,1497,0,2172
1689,35464,56,1497,0,2180
1690,35485,21,1499,0,2181
1691,35534,49,1499,0,2188
1692,35555,21,1501,0,2189
1693,35562,7,1502,0,2189
1694,35569,7,1502,0,2190
1695,35611,42,1505,0,2191
1696,35625,14,1506,0,2192
1697,35632,7,1507,0,2192
1698,35674,42,1510,0,2194
1699,35695,21,1512,0,2195
1700,35744,49,1512,0,2202
1701,35758,14,1513,0,2203
1702,35772,14,1514,0,2204
1703,35779,7,1515,0,2204
1704,35821,42,1517,0,2207
1705,35835,14,1518,0,2208
1706,35891,56,1518,0,2216
1707,35905,14,1519,0,2217
1708,35919,14,1520,0,2218
1709,35961,42,1522,0,2222
1710,35975,14,1523,0,2223
1711,35989,14,1524,0,2224
1712,35996,7,1525,0,2224
1713,36038,42,1528,0,2226
1714,36052,14,1529,0,2227
1715,36108,56,1529,0,2235
1716,36129,21,1531,0,2236
1717,36185,56,1531,0,2244
1718,36199,14,1532,0,2245
1719,36206,7,1533,0,2245
1720,36220,14,1534,0,2245
1721,36255,35,1537,0,2245
1722,36269,14,1538,0,2246
1723,36318,49,1538,0,2253
1724,36332,14,1539,0,2254
1725,36346,14,1540,0,2255
1726,36388,42,1540,0,2261
1727,36402,14,1541,0,2262
1728,36416,14,1542,0,2263
1729,36423,7,1543,0,2263
1730,36465,42,1545,0,2266
1731,36479,14,1546,0,2267
1732,36535,56,1546,0,2275
1733,36556,21,1548,0,2276
1734,36612,56,1548,0,2284
1735,36626,14,1549,0,2285
1736,36682,56,1549,0,2293
1737,36703,21,1551,0,2294
1738,36752,49,1551,0,2301
1739,36773,21,1553,0,2302
1740,36815,42,1553,0,2308
1741,36836,21,1555,0,2309
1742,36843,7,1555,0,2310
1743,36850,7,1555,0,2311
1744,36871,21,1556,0,2311
1745,36885,14,1557,0,2311
1746,36913,28,1559,0,2312
1747,36962,49,1559,0,2319
1748,36983,21,1561,0,2320
1749,37039,56,1561,0,2328
1750,37053,14,1562,0,2329
1751,37109,56,1562,0,2337
1752,37130,21,1564,0,2338
1753,37179,49,1564,0,2345
1754,37200,21,1566,0,2346
1755,37256,56,1566,0,2354
1756,37270,14,1567,0,2355
1757,37326,56,1567,0,2363
1758,37347,21,1569,0,2364
1759,37403,56,1569,0,2372
1760,37417,14,1570,0,2373
1761,37473,56,1570,0,2381
1762,37494,21,1572,0,2382
1763,37536,42,1572,0,2388
1764,37557,21,1574,0,2389
1765,37606,49,1574,0,2396
1766,37620,14,1575,0,2397
1767,37634,14,1576,0,2398
1768,37641,7,1577,0,2398
1769,37683,42,1579,0,2401
1770,37697,14,1580,0,2402
1771,37753,56,1580,0,2410
1772,37774,21,1582,0,2411
1773,37830,56,1582,0,2419
1774,37844,14,1583,0,2420
1775,37900,56,1583,0,2428
1776,37921,21,1585,0,2429
1777,37970,49,1585,0,2436
1778,37991,21,1587,0,2437
1779,38033,42,1587,0,2443
1780,38054,21,1589,0,2444
1781,38061,7,1589,0,2445
1782,38068,7,1589,0,2446
1783,38110,42,1592,0,2447
1784,38124,14,1593,0,2448
1785,38180,56,1593,0,2456
1786,38201,21,1595,0,2457
1787,38257,56,1595,0,2465
1788,38271,14,1596,0,2466
1789,38327,56,1596,0,2474
1790,38348,21,1598,0,2475
1791,38397,49,1598,0,2482
1792,38418,21,1600,0,2483
1793,38474,56,1600,0,2491
1794,38488,14,1601,0,2492
1795,38544,56,1601,0,2500
1796,38565,21,1603,0,2501
1797,38621,56,1603,0,2509
1798,38635,14,1604,0,2510
1799,38642,7,1605,0,2510
1800,38691,49,1607,0,2514
1801,38712,21,1609,0,2515
1802,38754,42,1609,0,2521
1803,38775,21,1611,0,2522
1804,38824,49,1611,0,2529
1805,38845,21,1613,0,2530
1806,38901,56,1613,0,2538
1807,38915,14,1614,0,2539
1808,38971,56,1614,0,2547
1809,38985,14,1615,0,2548
1810,38999,14,1616,0,2549
1811,39006,7,1617,0,2549
1812,39013,7,1617,0,2550
1813,39027,14,1618,0,2550
1814,39041,14,1619,0,2550
1815,39055,14,1620,0,2550
1816,39076,21,1621,0,2551
1817,39083,7,1622,0,2551
1818,39118,35,1625,0,2551
1819,39139,21,1627,0,2552
1820,39188,49,1627,0,2559
1821,39209,21,1629,0,2560
1822,39265,56,1629,0,2568
1823,39279,14,1630,0,2569
1824,39286,7,1631,0,2569
1825,39335,49,1633,0,2573
1826,39356,21,1635,0,2574
1827,39398,42,1635,0,2580
1828,39419,21,1637,0,2581
1829,39475,56,1637,0,2589
1830,39489,14,1638,0,2590
1831,39545,56,1638,0,2598
1832,39566,21,1640,0,2599
1833,39615,49,1640,0,2606
1834,39636,21,1642,0,2607
1835,39692,56,1642,0,2615
1836,39706,14,1643,0,2616
1837,39762,56,1643,0,2624
1838,39783,21,1645,0,2625
1839,39839,56,1645,0,2633
1840,39853,14,1646,0,2634
1841,39909,56,1646,0,2642
1842,39923,14,1647,0,2643
1843,39930,7,1648,0,2643
1844,39972,42,1650,0,2646
1845,39993,21,1652,0,2647
1846,40042,49,1652,0,2654
1847,40063,21,1654,0,2655
1848,40119,56,1654,0,2663
1849,40133,14,1655,0,2664
1850,40189,56,1655,0,2672
1851,40210,21,1657,0,2673
1852,40266,56,1657,0,2681
1853,40280,14,1658,0,2682
1854,40336,56,1658,0,2690
1855,40350,14,1659,0,2691
1856,40364,14,1660,0,2692
1857,40406,42,1662,0,2696
1858,40420,14,1663,0,2697
1859,40469,49,1663,0,2704
1860,40490,21,1665,0,2705
1861,40497,7,1665,0,2706
1862,40511,14,1666,0,2706
1863,40518,7,1666,0,2707
1864,40532,14,1667,0,2707
1865,40546,14,1668,0,2707
1866,40560,14,1669,0,2707
1867,40616,56,1670,0,2713
1868,40637,21,1672,0,2714
1869,40693,56,1672,0,2722
1870,40707,14,1673,0,2723
1871,40763,56,1673,0,2731
1872,40777,14,1674,0,2732
1873,40791,14,1675,0,2733
1874,40833,42,1677,0,2737
1875,40847,14,1678,0,2738
1876,40861,14,1679,0,2739
1877,40868,7,1680,0,2739
1878,40875,7,1680,0,2740
1879,40896,21,1681,0,2740
1880,40910,14,1682,0,2740
1881,40924,14,1683,0,2740
1882,40931,7,1684,0,2740
1883,40952,21,1685,0,2740
1884,40987,35,1688,0,2740
1885,40994,7,1688,0,2741
1886,41008,14,1689,0,2741
1887,41015,7,1689,0,2742
1888,41021,6,1690,0,2742
1889,41049,28,1692,0,2744
1890,41063,14,1693,0,2745
1891,41126,63,1693,0,2754
1892,41140,14,1694,0,2755
1893,41147,7,1695,0,2755
1894,41196,49,1697,0,2759
1895,41210,14,1698,0,2760
1896,41259,49,1698,0,2767
1897,41280,21,1700,0,2768
1898,41336,56,1700,0,2776
1899,41350,14,1701,0,2777
1900,41406,56,1701,0,2785
1901,41427,21,1703,0,2786
1902,41476,49,1703,0,2793
1903,41490,14,1704,0,2794
1904,41553,63,1704,0,2803
1905,41567,14,1705,0,2804
1906,41623,56,1705,0,2812
1907,41637,14,1706,0,2813
1908,41686,49,1706,0,2820
1909,41700,14,1707,0,2821
1910,41714,14,1708,0,2822
1911,41763,49,1708,0,2829
1912,41777,14,1709,0,2830
1913,41784,7,1709,0,2831
1914,41833,49,1710,0,2836
1915,41854,21,1712,0,2837
1916,41910,56,1712,0,2845
1917,41924,14,1713,0,2846
1918,41980,56,1713,0,2854
1919,41994,14,1714,0,2855
1920,42050,56,1714,0,2863
1921,42064,14,1715,0,2864
1922,42078,14,1716,0,2865
1923,42085,7,1717,0,2865
1924,42127,42,1719,0,2868
1925,42141,14,1720,0,2869
1926,42197,56,1720,0,2877
1927,42218,21,1722,0,2878
1928,42267,49,1722,0,2885
1929,42281,14,1723,0,2886
1930,42344,63,1723,0,2895
1931,42358,14,1724,0,2896
1932,42365,7,1725,0,2896
1933,42414,49,1727,0,2900
1934,42435,21,1729,0,2901
1935,42477,42,1729,0,2907
1936,42498,21,1731,0,2908
1937,42554,56,1731,0,2916
1938,42568,14,1732,0,2917
1939,42624,56,1732,0,2925
1940,42645,21,1734,0,2926
1941,42694,49,1734,0,2933
1942,42715,21,1736,0,2934
1943,42771,56,1736,0,2942
1944,42785,14,1737,0,2943
1945,42841,56,1737,0,2951
1946,42862,21,1739,0,2952
1947,42918,56,1739,0,2960
1948,42932,14,1740,0,2961
1949,42988,56,1740,0,2969
1950,43009,21,1742,0,2970
1951,43051,42,1742,0,2976
1952,43072,21,1744,0,2977
1953,43121,49,1744,0,2984
1954,43135,14,1745,0,2985
1955,43149,14,1746,0,2986
1956,43156,7,1747,0,2986
1957,43198,42,1749,0,2989
1958,43212,14,1750,0,2990
1959,43268,56,1750,0,2998
1960,43289,21,1752,0,2999
1961,43345,56,1752,0,3007
1962,43359,14,1753,0,3008
1963,43415,56,1753,0,3016
1964,43429,14,1754,0,3017
1965,43443,14,1755,0,3018
1966,43485,42,1757,0,3022
1967,43506,21,1759,0,3023
1968,43548,42,1759,0,3029
1969,43562,14,1760,0,3030
1970,43576,14,1761,0,3031
1971,43583,7,1762,0,3031
1972,43632,49,1764,0,3035
1973,43646,14,1765,0,3036
1974,43695,49,1765,0,3043
1975,43716,21,1767,0,3044
1976,43772,56,1767,0,3052
1977,43786,14,1768,0,3053
1978,43842,56,1768,0,3061
1979,43863,21,1770,0,3062
1980,43912,49,1770,0,3069
1981,43926,14,1771,0,3070
1982,43940,14,1772,0,3071
1983,43947,7,1773,0,3071
1984,43989,42,1775,0,3074
1985,44003,14,1776,0,3075
1986,44059,56,1776,0,3083
1987,44080,21,1778,0,3084
1988,44136,56,1778,0,3092
1989,44150,14,1779,0,3093
1990,44157,7,1780,0,3093
1991,44171,14,1781,0,3093
1992,44178,7,1781,0,3094
1993,44192,14,1782,0,3094
1994,44206,14,1783,0,3094
1995,44227,21,1784,0,3095
1996,44269,42,1784,0,3101
1997,44290,21,1786,0,3102
1998,44339,49,1786,0,3109
1999,44353,14,1787,0,3110
2000,44367,14,1788,0,3111
2001,44374,7,1789,0,3111
2002,44416,42,1791,0,3114
2003,44430,14,1792,0,3115
2004,44486,56,1792,0,3123
2005,44507,21,1794,0,3124
2006,44563,56,1794,0,3132
2007,44577,14,1795,0,3133
2008,44633,56,1795,0,3141
2009,44654,21,1797,0,3142
2010,44703,49,1797,0,3149
2011,44724,21,1799,0,3150
2012,44766,42,1799,0,3156
2013,44787,21,1801,0,3157
2014,44794,7,1801,0,3158
2015,44808,14,1802,0,3158
2016,44815,7,1802,0,3159
2017,44829,14,1803,0,3159
2018,44843,14,1804,0,3159
2019,44857,14,1805,0,3159
2020,44878,21,1806,0,3160
2021,44885,7,1807,0,3160
2022,44927,42,1811,0,3160
2023,44941,14,1812,0,3161
2024,44948,7,1813,0,3161
2025,44955,7,1813,0,3162
2026,44976,21,1814,0,3162
2027,44990,14,1815,0,3162
2028,45018,28,1817,0,3163
2029,45060,42,1820,0,3166
2030,45081,21,1822,0,3167
2031,45130,49,1822,0,3174
2032,45151,21,1824,0,3175
2033,45207,56,1824,0,3183
2034,45221,14,1825,0,3184
2035,45277,56,1825,0,3192
2036,45298,21,1827,0,3193
2037,45354,56,1827,0,3201
2038,45368,14,1828,0,3202
2039,45424,56,1828,0,3210
2040,45445,21,1830,0,3211
2041,45494,49,1830,0,3218
2042,45508,14,1831,0,3219
2043,45557,49,1831,0,3226
2044,45578,21,1833,0,3227
2045,45585,7,1833,0,3228
2046,45592,7,1833,0,3229
2047,45634,42,1836,0,3230
2048,45648,14,1837,0,3231
2049,45704,56,1837,0,3239
2050,45725,21,1839,0,3240
2051,45781,56,1839,0,3248
2052,45795,14,1840,0,3249
2053,45851,56,1840,0,3257
2054,45865,14,1841,0,3258
2055,45921,56,1841,0,3266
2056,45935,14,1842,0,3267
2057,45984,49,1842,0,3274
2058,46005,21,1844,0,3275
2059,46012,7,1844,0,3276
2060,46068,56,1845,0,3282
2061,46089,21,1847,0,3283
2062,46131,42,1847,0,3289
2063,46152,21,1849,0,3290
2064,46208,56,1849,0,3298
2065,46222,14,1850,0,3299
2066,46278,56,1850,0,3307
2067,46299,21,1852,0,3308
2068,46348,49,1852,0,3315
2069,46369,21,1854,0,3316
2070,46425,56,1854,0,3324
2071,46439,14,1855,0,3325
2072,46495,56,1855,0,3333
2073,46516,21,1857,0,3334
2074,46572,56,1857,0,3342
2075,46586,14,1858,0,3343
2076,46642,56,1858,0,3351
2077,46656,14,1859,0,3352
2078,46663,7,1860,0,3352
2079,46705,42,1863,0,3354
2080,46726,21,1865,0,3355
2081,46775,49,1865,0,3362
2082,46796,21,1867,0,3363
2083,46852,56,1867,0,3371
2084,46866,14,1868,0,3372
2085,46922,56,1868,0,3380
2086,46936,14,1869,0,3381
2087,46950,14,1870,0,3382
2088,46957,7,1871,0,3382
2089,46964,7,1871,0,3383
2090,46978,14,1872,0,3383
2091,46992,14,1873,0,3383
2092,47006,14,1874,0,3383
2093,47027,21,1875,0,3384
2094,47069,42,1876,0,3389
2095,47090,21,1878,0,3390
2096,47139,49,1878,0,3397
2097,47160,21,1880,0,3398
2098,47216,56,1880,0,3406
2099,47230,14,1881,0,3407
2100,47237,7,1882,0,3407
2101,47251,14,1883,0,3407
2102,47258,7,1883,0,3408
2103,47272,14,1884,0,3408
2104,47286,14,1885,0,3408
2105,47307,21,1886,0,3409
2106,47349,42,1886,0,3415
2107,47370,21,1888,0,3416
2108,47426,56,1888,0,3424
2109,47440,14,1889,0,3425
2110,47496,56,1889,0,3433
2111,47517,21,1891,0,3434
2112,47566,49,1891,0,3441
2113,47587,21,1893,0,3442
2114,47643,56,1893,0,3450
2115,47657,14,1894,0,3451
2116,47713,56,1894,0,3459
2117,47734,21,1896,0,3460
2118,47783,49,1896,0,3467
2119,47804,21,1898,0,3468
2120,47860,56,1898,0,3476
2121,47874,14,1899,0,3477
2122,47930,56,1899,0,3485
2123,47951,21,1901,0,3486
2124,47958,7,1902,0,3486
2125,47965,7,1902,0,3487
2126,48007,42,1905,0,3488
2127,48021,14,1906,0,3489
2128,48028,7,1907,0,3489
2129,48070,42,1909,0,3492
2130,48084,14,1910,0,3493
2131,48140,56,1910,0,3501
2132,48161,21,1912,0,3502
2133,48210,49,1912,0,3509
2134,48231,21,1914,0,3510
2135,48287,56,1914,0,3518
2136,48301,14,1915,0,3519
2137,48357,56,1915,0,3527
2138,48378,21,1917,0,3528
2139,48434,56,1917,0,3536
2140,48448,14,1918,0,3537
2141,48504,56,1918,0,3545
2142,48525,21,1920,0,3546
2143,48567,42,1920,0,3552
2144,48588,21,1922,0,3553
2145,48644,56,1922,0,3561
2146,48658,14,1923,0,3562
2147,48714,56,1923,0,3570
2148,48728,14,1924,0,3571
2149,48784,56,1924,0,3579
2150,48805,21,1926,0,3580
2151,48861,56,1926,0,3588
2152,48875,14,1927,0,3589
2153,48931,56,1927,0,3597
2154,48952,21,1929,0,3598
2155,49001,49,1929,0,3605
2156,49022,21,1931,0,3606
2157,49078,56,1931,0,3614
2158,49092,14,1932,0,3615
2159,49099,7,1933,0,3615
2160,49113,14,1934,0,3615
2161,49148,35,1937,0,3615
2162,49162,14,1938,0,3616
2163,49211,49,1938,0,3623
2164,49232,21,1940,0,3624
2165,49288,56,1940,0,3632
2166,49302,14,1941,0,3633
2167,49358,56,1941,0,3641
2168,49379,21,1943,0,3642
2169,49428,49,1943,0,3649
2170,49449,21,1945,0,3650
2171,49505,56,1945,0,3658
2172,49519,14,1946,0,3659
2173,49575,56,1946,0,3667
2174,49589,14,1947,0,3668
2175,49603,14,1948,0,3669
2176,49610,7,1949,0,3669
2177,49617,7,1949,0,3670
2178,49652,35,1952,0,3670
2179,49666,14,1953,0,3671
2180,49722,56,1953,0,3679
2181,49736,14,1954,0,3680
2182,49785,49,1954,0,3687
2183,49806,21,1956,0,3688
2184,49855,49,1956,0,3695
2185,49869,14,1957,0,3696
2186,49883,14,1958,0,3697
2187,49890,7,1959,0,3697
2188,49932,42,1962,0,3699
2189,49946,14,1963,0,3700
2190,50002,56,1963,0,3708
2191,50016,14,1964,0,3709
2192,50030,14,1965,0,3710
2193,50037,7,1966,0,3710
2194,50044,7,1966,0,3711
2195,50065,21,1967,0,3711
2196,50079,14,1968,0,3711
2197,50107,28,1970,0,3712
2198,50149,42,1972,0,3716
2199,50170,21,1974,0,3717
2200,50219,49,1974,0,3724
2201,50240,21,1976,0,3725
2202,50296,56,1976,0,3733
2203,50310,14,1977,0,3734
2204,50366,56,1977,0,3742
2205,50387,21,1979,0,3743
2206,50429,42,1979,0,3749
2207,50450,21,1981,0,3750
2208,50506,56,1981,0,3758
2209,50520,14,1982,0,3759
2210,50576,56,1982,0,3767
2211,50597,21,1984,0,3768
2212,50646,49,1984,0,3775
2213,50667,21,1986,0,3776
2214,50723,56,1986,0,3784
2215,50737,14,1987,0,3785
2216,50793,56,1987,0,3793
2217,50814,21,1989,0,3794
2218,50870,56,1989,0,3802
2219,50884,14,1990,0,3803
2220,50940,56,1990,0,3811
2221,50961,21,1992,0,3812
2222,51010,49,1992,0,3819
2223,51031,21,1994,0,3820
2224,51038,7,1995,0,3820
2225,51045,7,1995,0,3821
2226,51087,42,1998,0,3822
2227,51101,14,1999,0,3823
2228,51108,7,2000,0,3823
2229,51150,42,2002,0,3826
2230,51164,14,2003,0,3827
2231,51220,56,2003,0,3835
2232,51241,21,2005,0,3836
2233,51297,56,2005,0,3844
2234,51311,14,2006,0,3845
2235,51367,56,2006,0,3853
2236,51381,14,2007,0,3854
2237,51395,14,2008,0,3855
2238,51437,42,2010,0,3859
2239,51458,21,2012,0,3860
2240,51514,56,2012,0,3868
2241,51528,14,2013,0,3869
2242,51535,7,2014,0,3869
2243,51584,49,2016,0,3873
2244,51605,21,2018,0,3874
2245,51612,7,2019,0,3874
2246,51619,7,2019,0,3875
2247,51625,6,2020,0,3875
2248,51646,21,2022,0,3876
2249,51667,21,2024,0,3877
2250,51723,56,2024,0,3885
2251,51737,14,2025,0,3886
2252,51793,56,2025,0,3894
2253,51807,14,2026,0,3895
2254,51821,14,2027,0,3896
2255,51863,42,2030,0,3899
2256,51877,14,2031,0,3900
2257,51891,14,2032,0,3901
2258,51898,7,2033,0,3901
2259,51905,7,2033,0,3902
2260,51926,21,2034,0,3902
2261,51940,14,2035,0,3902
2262,51968,28,2037,0,3903
2263,52010,42,2039,0,3907
2264,52031,21,2041,0,3908
2265,52087,56,2041,0,3916
2266,52101,14,2042,0,3917
2267,52157,56,2042,0,3925
2268,52178,21,2044,0,3926
2269,52227,49,2044,0,3933
2270,52248,21,2046,0,3934
2271,52290,42,2046,0,3940
2272,52311,21,2048,0,3941
2273,52318,7,2048,0,3942
2274,52325,7,2048,0,3943
2275,52367,42,2051,0,3944
2276,52381,14,2052,0,3945
2277,52437,56,2052,0,3953
2278,52458,21,2054,0,3954
2279,52514,56,2054,0,3962
2280,52528,14,2055,0,3963
2281,52584,56,2055,0,3971
2282,52605,21,2057,0,3972
2283,52654,49,2057,0,3979
2284,52675,21,2059,0,3980
2285,52731,56,2059,0,3988
2286,52745,14,2060,0,3989
2287,52801,56,2060,0,3997
2288,52822,21,2062,0,3998
2289,52864,42,2062,0,4004
2290,52885,21,2064,0,4005
2291,52948,63,2064,0,4014
2292,52962,14,2065,0,4015
2293,52969,7,2066,0,4015
2294,53011,42,2068,0,4018
2295,53032,21,2070,0,4019
2296,53081,49,2070,0,4026
2297,53102,21,2072,0,4027
2298,53158,56,2072,0,4035
2299,53172,14,2073,0,4036
2300,53228,56,2073,0,4044
2301,53242,14,2074,0,4045
2302,53256,14,2075,0,4046
2303,53263,7,2076,0,4046
2304,53270,7,2076,0,4047
2305,53284,14,2077,0,4047
2306,53298,14,2078,0,4047
2307,53312,14,2079,0,4047
2308,53333,21,2080,0,4048
2309,53340,7,2081,0,4048
2310,53375,35,2084,0,4048
2311,53389,14,2085,0,4049
2312,53445,56,2085,0,4057
2313,53466,21,2087,0,4058
2314,53508,42,2087,0,4064
2315,53529,21,2089,0,4065
2316,53585,56,2089,0,4073
2317,53599,14,2090,0,4074
2318,53655,56,2090,0,4082
2319,53676,21,2092,0,4083
2320,53732,56,2092,0,4091
2321,53746,14,2093,0,4092
2322,53802,56,2093,0,4100
2323,53823,21,2095,0,4101
2324,53872,49,2095,0,4108
2325,53893,21,2097,0,4109
2326,53949,56,2097,0,4117
2327,53963,14,2098,0,4118
2328,54019,56,2098,0,4126
2329,54040,21,2100,0,4127
2330,54082,42,2100,0,4133
2331,54103,21,2102,0,4134
2332,54166,63,2102,0,4143
2333,54180,14,2103,0,4144
2334,54187,7,2104,0,4144
2335,54194,7,2104,0,4145
2336,54215,21,2105,0,4145
2337,54229,14,2106,0,4145
2338,54243,14,2107,0,4145
2339,54257,14,2108,0,4145
2340,54264,7,2108,0,4146
2341,54285,21,2109,0,4146
2342,54299,14,2110,0,4146
2343,54313,14,2111,0,4146
2344,54327,14,2112,0,4146
2345,54334,7,2112,0,4147
2346,54376,42,2116,0,4147
2347,54390,14,2117,0,4148
2348,54446,56,2117,0,4156
2349,54460,14,2118,0,4157
2350,54474,14,2119,0,4158
2351,54481,7,2120,0,4158
2352,54488,7,2120,0,4159
2353,54502,14,2121,0,4159
2354,54516,14,2122,0,4159
2355,54530,14,2123,0,4159
2356,54551,21,2124,0,4160
2357,54593,42,2126,0,4164
2358,54607,14,2127,0,4165
2359,54663,56,2127,0,4173
2360,54684,21,2129,0,4174
2361,54726,42,2129,0,4180
2362,54747,21,2131,0,4181
2363,54803,56,2131,0,4189
2364,54817,14,2132,0,4190
2365,54873,56,2132,0,4198
2366,54894,21,2134,0,4199
2367,54943,49,2134,0,4206
2368,54957,14,2135,0,4207
2369,54971,14,2136,0,4208
2370,54978,7,2137,0,4208
2371,55020,42,2139,0,4211
2372,55034,14,2140,0,4212
2373,55090,56,2140,0,4220
2374,55111,21,2142,0,4221
2375,55167,56,2142,0,4229
2376,55181,14,2143,0,4230
2377,55237,56,2143,0,4238
2378,55258,21,2145,0,4239
2379,55307,49,2145,0,4246
2380,55328,21,2147,0,4247
2381,55384,56,2147,0,4255
2382,55398,14,2148,0,4256
2383,55405,7,2149,0,4256
2384,55447,42,2151,0,4259
2385,55461,14,2152,0,4260
2386,55517,56,2152,0,4268
2387,55538,21,2154,0,4269
2388,55594,56,2154,0,4277
2389,55608,14,2155,0,4278
2390,55664,56,2155,0,4286
2391,55685,21,2157,0,4287
2392,55734,49,2157,0,4294
2393,55755,21,2159,0,4295
2394,55811,56,2159,0,4303
2395,55825,14,2160,0,4304
2396,55881,56,2160,0,4312
2397,55902,21,2162,0,4313
2398,55944,42,2162,0,4319
2399,55965,21,2164,0,4320
2400,56028,63,2164,0,4329
2401,56042,14,2165,0,4330
2402,56091,49,2165,0,4337
2403,56112,21,2167,0,4338
2404,56161,49,2167,0,4345
2405,56175,14,2168,0,4346
2406,56189,14,2169,0,4347
2407,56196,7,2170,0,4347
2408,56203,7,2170,0,4348
2409,56209,6,2171,0,4348
2410,56237,28,2173,0,4350
2411,56251,14,2174,0,4351
2412,56307,56,2174,0,4359
2413,56321,14,2175,0,4360
2414,56335,14,2176,0,4361
2415,56342,7,2177,0,4361
2416,56349,7,2177,0,4362
2417,56384,35,2180,0,4362
2418,56398,14,2181,0,4363
2419,56454,56,2181,0,4371
2420,56475,21,2183,0,4372
2421,56524,49,2183,0,4379
2422,56538,14,2184,0,4380
2423,56587,49,2184,0,4387
2424,56608,21,2186,0,4388
2425,56615,7,2186,0,4389
2426,56622,7,2186,0,4390
2427,56643,21,2187,0,4390
2428,56671,28,2189,0,4390
2429,56685,14,2190,0,4391
2430,56734,49,2190,0,4398
2431,56755,21,2192,0,4399
2432,56811,56,2192,0,4407
2433,56825,14,2193,0,4408
2434,56881,56,2193,0,4416
2435,56902,21,2195,0,4417
2436,56951,49,2195,0,4424
2437,56972,21,2197,0,4425
2438,57028,56,2197,0,4433
2439,57042,14,2198,0,4434
2440,57098,56,2198,0,4442
2441,57119,21,2200,0,4443
2442,57161,42,2200,0,4449
2443,57182,21,2202,0,4450
2444,57245,63,2202,0,4459
2445,57259,14,2203,0,4460
2446,57308,49,2203,0,4467
2447,57329,21,2205,0,4468
2448,57378,49,2205,0,4475
2449,57399,21,2207,0,4476
2450,57455,56,2207,0,4484
2451,57469,14,2208,0,4485
2452,57525,56,2208,0,4493
2453,57546,21,2210,0,4494
2454,57602,56,2210,0,4502
2455,57616,14,2211,0,4503
2456,57672,56,2211,0,4511
2457,57693,21,2213,0,4512
2458,57742,49,2213,0,4519
2459,57763,21,2215,0,4520
2460,57805,42,2215,0,4526
2461,57819,14,2216,0,4527
2462,57833,14,2217,0,4528
2463,57840,7,2218,0,4528
2464,57882,42,2220,0,4531
2465,57896,14,2221,0,4532
2466,57952,56,2221,0,4540
2467,57973,21,2223,0,4541
2468,58029,56,2223,0,4549
2469,58043,14,2224,0,4550
2470,58099,56,2224,0,4558
2471,58120,21,2226,0,4559
2472,58169,49,2226,0,4566
2473,58190,21,2228,0,4567
2474,58246,56,2228,0,4575
2475,58260,14,2229,0,4576
2476,58316,56,2229,0,4584
2477,58337,21,2231,0,4585
2478,58393,56,2231,0,4593
2479,58407,14,2232,0,4594
2480,58414,7,2233,0,4594
2481,58421,7,2233,0,4595
2482,58427,6,2234,0,4595
2483,58455,28,2236,0,4597
2484,58469,14,2237,0,4598
2485,58476,7,2237,0,4599
2486,58490,14,2238,0,4599
2487,58497,7,2238,0,4600
2488,58532,35,2241,0,4600
2489,58546,14,2242,0,4601
2490,58595,49,2242,0,4608
2491,58616,21,2244,0,4609
2492,58672,56,2244,0,4617
2493,58686,14,2245,0,4618
2494,58742,56,2245,0,4626
2495,58763,21,2247,0,4627
2496,58819,56,2247,0,4635
2497,58833,14,2248,0,4636
2498,58889,56,2248,0,4644
2499,58910,21,2250,0,4645
2500,58959,49,2250,0,4652
2501,58980,21,2252,0,4653
2502,59022,42,2252,0,4659
2503,59043,21,2254,0,4660
2504,59050,7,2254,0,4661
2505,59064,14,2255,0,4661
2506,59071,7,2255,0,4662
2507,59106,35,2258,0,4662
2508,59120,14,2259,0,4663
2509,59169,49,2259,0,4670
2510,59190,21,2261,0,4671
2511,59246,56,2261,0,4679
2512,59260,14,2262,0,4680
2513,59316,56,2262,0,4688
2514,59337,21,2264,0,4689
2515,59386,49,2264,0,4696
2516,59407,21,2266,0,4697
2517,59463,56,2266,0,4705
2518,59477,14,2267,0,4706
2519,59533,56,2267,0,4714
2520,59554,21,2269,0,4715
2521,59603,49,2269,0,4722
2522,59617,14,2270,0,4723
2523,59680,63,2270,0,4732
2524,59694,14,2271,0,4733
2525,59701,7,2272,0,4733
2526,59743,42,2274,0,4736
2527,59764,21,2276,0,4737
2528,59813,49,2276,0,4744
2529,59834,21,2278,0,4745
2530,59890,56,2278,0,4753
2531,59904,14,2279,0,4754
2532,59960,56,2279,0,4762
2533,59981,21,2281,0,4763
2534,60037,56,2281,0,4771
2535,60051,14,2282,0,4772
2536,60107,56,2282,0,4780
2537,60121,14,2283,0,4781
2538,60128,7,2284,0,4781
2539,60142,14,2285,0,4781
2540,60149,7,2285,0,4782
2541,60163,14,2286,0,4782
2542,60177,14,2287,0,4782
2543,60198,21,2288,0,4783
2544,60240,42,2288,0,4789
2545,60261,21,2290,0,4790
2546,60317,56,2290,0,4798
2547,60331,14,2291,0,4799
2548,60387,56,2291,0,4807
2549,60408,21,2293,0,4808
2550,60464,56,2293,0,4816
2551,60478,14,2294,0,4817
2552,60534,56,2294,0,4825
2553,60555,21,2296,0,4826
2554,60604,49,2296,0,4833
2555,60625,21,2298,0,4834
2556,60681,56,2298,0,4842
2557,60695,14,2299,0,4843
2558,60751,56,2299,0,4851
2559,60772,21,2301,0,4852
2560,60821,49,2301,0,4859
2561,60835,14,2302,0,4860
2562,60898,63,2302,0,4869
2563,60912,14,2303,0,4870
2564,60919,7,2304,0,4870
2565,60961,42,2307,0,4872
2566,60982,21,2309,0,4873
2567,61031,49,2309,0,4880
2568,61052,21,2311,0,4881
2569,61108,56,2311,0,4889
2570,61122,14,2312,0,4890
2571,61178,56,2312,0,4898
2572,61192,14,2313,0,4899
2573,61206,14,2314,0,4900
2574,61213,7,2315,0,4900
2575,61220,7,2315,0,4901
2576,61262,42,2318,0,4902
2577,61276,14,2319,0,4903
2578,61283,7,2320,0,4903
2579,61325,42,2322,0,4906
2580,61339,14,2323,0,4907
2581,61395,56,2323,0,4915
2582,61416,21,2325,0,4916
2583,61472,56,2325,0,4924
2584,61486,14,2326,0,4925
2585,61493,7,2327,0,4925
2586,61507,14,2328,0,4925
2587,61542,35,2331,0,4925
2588,61556,14,2332,0,4926
2589,61605,49,2332,0,4933
2590,61619,14,2333,0,4934
2591,61633,14,2334,0,4935
2592,61675,42,2334,0,4941
2593,61689,14,2335,0,4942
2594,61703,14,2336,0,4943
2595,61710,7,2337,0,4943
2596,61752,42,2339,0,4946
2597,61766,14,2340,0,4947
2598,61822,56,2340,0,4955
2599,61843,21,2342,0,4956
2600,61899,56,2342,0,4964
2601,61913,14,2343,0,4965
2602,61969,56,2343,0,4973
2603,61990,21,2345,0,4974
2604,62039,49,2345,0,4981
2605,62060,21,2347,0,4982
2606,62116,56,2347,0,4990
2607,62130,14,2348,0,4991
2608,62137,7,2349,0,4991
2609,62179,42,2351,0,4994
2610,62193,14,2352,0,4995
2611,62249,56,2352,0,5003
2612,62270,21,2354,0,5004
2613,62326,56,2354,0,5012
2614,62340,14,2355,0,5013
2615,62396,56,2355,0,5021
2616,62417,21,2357,0,5022
2617,62466,49,2357,0,5029
2618,62487,21,2359,0,5030
2619,62543,56,2359,0,5038
2620,62557,14,2360,0,5039
2621,62613,56,2360,0,5047
2622,62634,21,2362,0,5048
2623,62690,56,2362,0,5056
2624,62704,14,2363,0,5057
2625,62711,7,2364,0,5057
2626,62760,49,2366,0,5061
2627,62781,21,2368,0,5062
2628,62823,42,2368,0,5068
2629,62844,21,2370,0,5069
2630,62893,49,2370,0,5076
2631,62907,14,2371,0,5077
2632,62921,14,2372,0,5078
2633,62928,7,2373,0,5078
2634,62970,42,2375,0,5081
2635,62984,14,2376,0,5082
2636,63040,56,2376,0,5090
2637,63061,21,2378,0,5091
2638,63117,56,2378,0,5099
2639,63131,14,2379,0,5100
2640,63187,56,2379,0,5108
2641,63208,21,2381,0,5109
2642,63257,49,2381,0,5116
2643,63278,21,2383,0,5117
2644,63320,42,2383,0,5123
2645,63341,21,2385,0,5124
2646,63348,7,2385,0,5125
2647,63355,7,2385,0,5126
2648,63361,6,2386,0,5126
2649,63396,35,2388,0,5129
2650,63410,14,2389,0,5130
2651,63466,56,2389,0,5138
2652,63487,21,2391,0,5139
2653,63543,56,2391,0,5147
2654,63557,14,2392,0,5148
2655,63613,56,2392,0,5156
2656,63634,21,2394,0,5157
2657,63683,49,2394,0,5164
2658,63697,14,2395,0,5165
2659,63760,63,2395,0,5174
2660,63774,14,2396,0,5175
2661,63830,56,2396,0,5183
2662,63844,14,2397,0,5184
2663,63858,14,2398,0,5185
2664,63865,7,2399,0,5185
2665,63872,7,2399,0,5186
2666,63907,35,2402,0,5186
2667,63921,14,2403,0,5187
2668,63928,7,2404,0,5187
2669,63977,49,2406,0,5191
2670,63998,21,2408,0,5192
2671,64040,42,2408,0,5198
2672,64061,21,2410,0,5199
2673,64110,49,2410,0,5206
2674,64131,21,2412,0,5207
2675,64187,56,2412,0,5215
2676,64201,14,2413,0,5216
2677,64257,56,2413,0,5224
2678,64271,14,2414,0,5225
2679,64285,14,2415,0,5226
2680,64292,7,2416,0,5226
2681,64299,7,2416,0,5227
2682,64313,14,2417,0,5227
2683,64327,14,2418,0,5227
2684,64341,14,2419,0,5227
2685,64362,21,2420,0,5228
2686,64369,7,2421,0,5228
2687,64404,35,2424,0,5228
2688,64425,21,2426,0,5229
2689,64474,49,2426,0,5236
2690,64495,21,2428,0,5237
2691,64537,42,2428,0,5243
2692,64558,21,2430,0,5244
2693,64565,7,2430,0,5245
2694,64572,7,2430,0,5246
2695,64593,21,2431,0,5246
2696,64621,28,2433,0,5246
2697,64642,21,2435,0,5247
2698,64684,42,2435,0,5253
2699,64705,21,2437,0,5254
2700,64761,56,2437,0,5262
2701,64775,14,2438,0,5263
2702,64831,56,2438,0,5271
2703,64852,21,2440,0,5272
2704,64901,49,2440,0,5279
2705,64922,21,2442,0,5280
2706,64978,56,2442,0,5288
2707,64992,14,2443,0,5289
2708,65048,56,2443,0,5297
2709,65069,21,2445,0,5298
2710,65125,56,2445,0,5306
2711,65139,14,2446,0,5307
2712,65195,56,2446,0,5315
2713,65216,21,2448,0,5316
2714,65223,7,2449,0,5316
2715,65230,7,2449,0,5317
2716,65244,14,2450,0,5317
2717,65258,14,2451,0,5317
2718,65272,14,2452,0,5317
2719,65293,21,2453,0,5318
2720,65300,7,2454,0,5318
2721,65307,7,2454,0,5319
2722,65321,14,2455,0,5319
2723,65335,14,2456,0,5319
2724,65356,21,2457,0,5320
2725,65363,7,2458,0,5320
2726,65384,21,2459,0,5320
2727,65398,14,2460,0,5320
2728,65426,28,2462,0,5321
2729,65475,49,2462,0,5328
2730,65496,21,2464,0,5329
2731,65552,56,2464,0,5337
2732,65566,14,2465,0,5338
2733,65622,56,2465,0,5346
2734,65636,14,2466,0,5347
2735,65650,14,2467,0,5348
2736,65692,42,2470,0,5351
2737,65706,14,2471,0,5352
2738,65720,14,2472,0,5353
2739,65727,7,2473,0,5353
2740,65734,7,2473,0,5354
2741,65748,14,2474,0,5354
2742,65762,14,2475,0,5354
2743,65783,21,2476,0,5355
2744,65790,7,2477,0,5355
2745,65839,49,2479,0,5359
2746,65853,14,2480,0,5360
2747,65902,49,2480,0,5367
2748,65923,21,2482,0,5368
2749,65979,56,2482,0,5376
2750,65993,14,2483,0,5377
2751,66049,56,2483,0,5385
2752,66070,21,2485,0,5386
2753,66119,49,2485,0,5393
2754,66133,14,2486,0,5394
2755,66147,14,2487,0,5395
2756,66154,7,2488,0,5395
2757,66196,42,2490,0,5398
2758,66210,14,2491,0,5399
2759,66266,56,2491,0,5407
2760,66287,21,2493,0,5408
2761,66336,49,2493,0,5415
2762,66357,21,2495,0,5416
2763,66413,56,2495,0,5424
2764,66427,14,2496,0,5425
2765,66434,7,2497,0,5425
2766,66476,42,2499,0,5428
2767,66497,21,2501,0,5429
2768,66546,49,2501,0,5436
2769,66567,21,2503,0,5437
2770,66623,56,2503,0,5445
2771,66637,14,2504,0,5446
2772,66693,56,2504,0,5454
2773,66714,21,2506,0,5455
2774,66770,56,2506,0,5463
2775,66784,14,2507,0,5464
2776,66840,56,2507,0,5472
2777,66854,14,2508,0,5473
2778,66910,56,2508,0,5481
2779,66931,21,2510,0,5482
2780,66987,56,2510,0,5490
2781,67001,14,2511,0,5491
2782,67008,7,2512,0,5491
2783,67050,42,2515,0,5493
2784,67064,14,2516,0,5494
2785,67071,7,2516,0,5495
2786,67120,49,2517,0,5500
2787,67141,21,2519,0,5501
2788,67197,56,2519,0,5509
2789,67211,14,2520,0,5510
2790,67267,56,2520,0,5518
2791,67288,21,2522,0,5519
2792,67337,49,2522,0,5526
2793,67351,14,2523,0,5527
2794,67365,14,2524,0,5528
2795,67372,7,2525,0,5528
2796,67379,7,2525,0,5529
2797,67414,35,2528,0,5529
2798,67428,14,2529,0,5530
2799,67484,56,2529,0,5538
2800,67505,21,2531,0,5539
2801,67554,49,2531,0,5546
2802,67568,14,2532,0,5547
2803,67631,63,2532,0,5556
2804,67645,14,2533,0,5557
2805,67652,7,2534,0,5557
2806,67701,49,2536,0,5561
2807,67722,21,2538,0,5562
2808,67764,42,2538,0,5568
2809,67785,21,2540,0,5569
2810,67841,56,2540,0,5577
2811,67855,14,2541,0,5578
2812,67911,56,2541,0,5586
2813,67932,21,2543,0,5587
2814,67981,49,2543,0,5594
2815,68002,21,2545,0,5595
2816,68058,56,2545,0,5603
2817,68072,14,2546,0,5604
2818,68128,56,2546,0,5612
2819,68149,21,2548,0,5613
2820,68205,56,2548,0,5621
2821,68219,14,2549,0,5622
2822,68275,56,2549,0,5630
2823,68296,21,2551,0,5631
2824,68338,42,2551,0,5637
2825,68359,21,2553,0,5638
2826,68408,49,2553,0,5645
2827,68422,14,2554,0,5646
2828,68436,14,2555,0,5647
2829,68443,7,2556,0,5647
2830,68485,42,2558,0,5650
2831,68499,14,2559,0,5651
2832,68555,56,2559,0,5659
2833,68576,21,2561,0,5660
2834,68632,56,2561,0,5668
2835,68646,14,2562,0,5669
2836,68702,56,2562,0,5677
2837,68723,21,2564,0,5678
2838,68772,49,2564,0,5685
2839,68793,21,2566,0,5686
2840,68849,56,2566,0,5694
2841,68863,14,2567,0,5695
2842,68870,7,2568,0,5695
2843,68919,49,2570,0,5699
2844,68933,14,2571,0,5700
2845,68982,49,2571,0,5707
2846,69003,21,2573,0,5708
2847,69059,56,2573,0,5716
2848,69073,14,2574,0,5717
2849,69129,56,2574,0,5725
2850,69150,21,2576,0,5726
2851,69199,49,2576,0,5733
2852,69213,14,2577,0,5734
2853,69227,14,2578,0,5735
2854,69234,7,2579,0,5735
2855,69276,42,2581,0,5738
2856,69290,14,2582,0,5739
2857,69346,56,2582,0,5747
2858,69367,21,2584,0,5748
2859,69423,56,2584,0,5756
2860,69437,14,2585,0,5757
2861,69444,7,2586,0,5757
2862,69458,14,2587,0,5757
2863,69493,35,2590,0,5757
2864,69507,14,2591,0,5758
2865,69556,49,2591,0,5765
2866,69570,14,2592,0,5766
2867,69584,14,2593,0,5767
2868,69626,42,2593,0,5773
2869,69640,14,2594,0,5774
2870,69654,14,2595,0,5775
2871,69661,7,2596,0,5775
2872,69668,7,2596,0,5776
2873,69689,21,2597,0,5776
2874,69703,14,2598,0,5776
2875,69717,14,2599,0,5776
2876,69773,56,2600,0,5782
2877,69794,21,2602,0,5783
2878,69850,56,2602,0,5791
2879,69864,14,2603,0,5792
2880,69920,56,2603,0,5800
2881,69941,21,2605,0,5801
2882,69990,49,2605,0,5808
2883,70011,21,2607,0,5809
2884,70053,42,2607,0,5815
2885,70074,21,2609,0,5816
2886,70081,7,2609,0,5817
2887,70095,14,2610,0,5817
2888,70102,7,2610,0,5818
2889,70116,14,2611,0,5818
2890,70130,14,2612,0,5818
2891,70144,14,2613,0,5818
2892,70165,21,2614,0,5819
2893,70172,7,2615,0,5819
2894,70214,42,2618,0,5820
2895,70228,14,2619,0,5821
2896,70235,7,2620,0,5821
2897,70277,42,2623,0,5823
2898,70291,14,2624,0,5824
2899,70347,56,2624,0,5832
2900,70361,14,2625,0,5833
2901,70375,14,2626,0,5834
2902,70417,42,2628,0,5838
2903,70431,14,2629,0,5839
2904,70445,14,2630,0,5840
2905,70452,7,2631,0,5840
2906,70459,7,2631,0,5841
2907,70473,14,2632,0,5841
2908,70487,14,2633,0,5841
2909,70508,21,2634,0,5842
2910,70564,56,2634,0,5850
2911,70585,21,2636,0,5851
2912,70641,56,2636,0,5859
2913,70655,14,2637,0,5860
2914,70711,56,2637,0,5868
2915,70732,21,2639,0,5869
2916,70774,42,2639,0,5875
2917,70795,21,2641,0,5876
2918,70844,49,2641,0,5883
2919,70865,21,2643,0,5884
2920,70921,56,2643,0,5892
2921,70935,14,2644,0,5893
2922,70991,56,2644,0,5901
2923,71012,21,2646,0,5902
2924,71068,56,2646,0,5910
2925,71082,14,2647,0,5911
2926,71138,56,2647,0,5919
2927,71159,21,2649,0,5920
2928,71208,49,2649,0,5927
2929,71229,21,2651,0,5928
2930,71285,56,2651,0,5936
2931,71299,14,2652,0,5937
2932,71355,56,2652,0,5945
2933,71376,21,2654,0,5946
2934,71418,42,2654,0,5952
2935,71439,21,2656,0,5953
2936,71495,56,2656,0,5961
2937,71509,14,2657,0,5962
2938,71565,56,2657,0,5970
2939,71586,21,2659,0,5971
2940,71635,49,2659,0,5978
2941,71656,21,2661,0,5979
2942,71712,56,2661,0,5987
2943,71726,14,2662,0,5988
2944,71782,56,2662,0,5996
2945,71803,21,2664,0,5997
2946,71859,56,2664,0,6005
2947,71873,14,2665,0,6006
2948,71929,56,2665,0,6014
2949,71950,21,2667,0,6015
2950,71999,49,2667,0,6022
2951,72013,14,2668,0,6023
2952,72062,49,2668,0,6030
2953,72083,21,2670,0,6031
2954,72090,7,2670,0,6032
2955,72097,7,2670,0,6033
2956,72118,21,2671,0,6033
2957,72146,28,2673,0,6033
2958,72160,14,2674,0,6034
2959,72209,49,2674,0,6041
2960,72230,21,2676,0,6042
2961,72286,56,2676,0,6050
2962,72300,14,2677,0,6051
2963,72356,56,2677,0,6059
2964,72377,21,2679,0,6060
2965,72426,49,2679,0,6067
2966,72447,21,2681,0,6068
2967,72503,56,2681,0,6076
2968,72517,14,2682,0,6077
2969,72524,7,2683,0,6077
2970,72538,14,2684,0,6077
2971,72545,7,2684,0,6078
2972,72559,14,2685,0,6078
2973,72573,14,2686,0,6078
2974,72594,21,2687,0,6079
2975,72636,42,2687,0,6085
2976,72657,21,2689,0,6086
2977,72713,56,2689,0,6094
2978,72727,14,2690,0,6095
2979,72783,56,2690,0,6103
2980,72804,21,2692,0,6104
2981,72853,49,2692,0,6111
2982,72874,21,2694,0,6112
2983,72930,56,2694,0,6120
2984,72944,14,2695,0,6121
2985,73000,56,2695,0,6129
2986,73021,21,2697,0,6130
2987,73070,49,2697,0,6137
2988,73091,21,2699,0,6138
2989,73147,56,2699,0,6146
2990,73161,14,2700,0,6147
2991,73210,49,2700,0,6154
2992,73231,21,2702,0,6155
2993,73280,49,2702,0,6162
2994,73301,21,2704,0,6163
2995,73357,56,2704,0,6171
2996,73371,14,2705,0,6172
2997,73427,56,2705,0,6180
2998,73448,21,2707,0,6181
2999,73504,56,2707,0,6189
3000,73518,14,2708,0,6190
3001,73574,56,2708,0,6198
3002,73588,14,2709,0,6199
3003,73644,56,2709,0,6207
3004,73665,21,2711,0,6208
3005,73721,56,2711,0,6216
3006,73735,14,2712,0,6217
3007,73791,56,2712,0,6225
3008,73805,14,2713,0,6226
3009,73854,49,2713,0,6233
3010,73875,21,2715,0,6234
3011,73931,56,2715,0,6242
3012,73945,14,2716,0,6243
3013,74001,56,2716,0,6251
3014,74022,21,2718,0,6252
3015,74071,49,2718,0,6259
3016,74085,14,2719,0,6260
3017,74099,14,2720,0,6261
3018,74106,7,2721,0,6261
3019,74148,42,2724,0,6263
3020,74162,14,2725,0,6264
3021,74218,56,2725,0,6272
3022,74239,21,2727,0,6273
3023,74288,49,2727,0,6280
3024,74309,21,2729,0,6281
3025,74365,56,2729,0,6289
3026,74379,14,2730,0,6290
3027,74386,7,2731,0,6290
3028,74400,14,2732,0,6290
3029,74435,35,2735,0,6290
3030,74449,14,2736,0,6291
3031,74498,49,2736,0,6298
3032,74512,14,2737,0,6299
3033,74526,14,2738,0,6300
3034,74575,49,2738,0,6307
3035,74589,14,2739,0,6308
3036,74645,56,2739,0,6316
3037,74666,21,2741,0,6317
3038,74715,49,2741,0,6324
3039,74729,14,2742,0,6325
3040,74743,14,2743,0,6326
3041,74750,7,2744,0,6326
3042,74757,7,2744,0,6327
3043,74792,35,2747,0,6327
3044,74806,14,2748,0,6328
3045,74862,56,2748,0,6336
3046,74883,21,2750,0,6337
3047,74939,56,2750,0,6345
3048,74953,14,2751,0,6346
3049,75009,56,2751,0,6354
3050,75030,21,2753,0,6355
3051,75072,42,2753,0,6361
3052,75093,21,2755,0,6362
3053,75142,49,2755,0,6369
3054,75156,14,2756,0,6370
3055,75170,14,2757,0,6371
3056,75177,7,2758,0,6371
3057,75219,42,2761,0,6373
3058,75233,14,2762,0,6374
3059,75289,56,2762,0,6382
3060,75303,14,2763,0,6383
3061,75317,14,2764,0,6384
3062,75324,7,2765,0,6384
3063,75331,7,2765,0,6385
3064,75373,42,2768,0,6386
3065,75387,14,2769,0,6387
3066,75436,49,2769,0,6394
3067,75450,14,2770,0,6395
3068,75464,14,2771,0,6396
3069,75506,42,2773,0,6400
3070,75527,21,2775,0,6401
3071,75583,56,2775,0,6409
3072,75597,14,2776,0,6410
3073,75653,56,2776,0,6418
3074,75674,21,2778,0,6419
3075,75716,42,2778,0,6425
3076,75737,21,2780,0,6426
3077,75793,56,2780,0,6434
3078,75807,14,2781,0,6435
3079,75863,56,2781,0,6443
3080,75884,21,2783,0,6444
3081,75933,49,2783,0,6451
3082,75947,14,2784,0,6452
3083,75961,14,2785,0,6453
3084,75968,7,2786,0,6453
3085,76010,42,2788,0,6456
3086,76024,14,2789,0,6457
3087,76080,56,2789,0,6465
3088,76101,21,2791,0,6466
3089,76157,56,2791,0,6474
3090,76171,14,2792,0,6475
3091,76227,56,2792,0,6483
3092,76248,21,2794,0,6484
3093,76290,42,2794,0,6490
3094,76311,21,2796,0,6491
3095,76360,49,2796,0,6498
3096,76374,14,2797,0,6499
3097,76388,14,2798,0,6500
3098,76395,7,2799,0,6500
3099,76437,42,2801,0,6503
3100,76451,14,2802,0,6504
3101,76507,56,2802,0,6512
3102,76528,21,2804,0,6513
3103,76584,56,2804,0,6521
3104,76598,14,2805,0,6522
3105,76654,56,2805,0,6530
3106,76668,14,2806,0,6531
3107,76682,14,2807,0,6532
3108,76724,42,2809,0,6536
3109,76745,21,2811,0,6537
3110,76801,56,2811,0,6545
3111,76815,14,2812,0,6546
3112,76822,7,2813,0,6546
3113,76871,49,2815,0,6550
3114,76892,21,2817,0,6551
3115,76934,42,2817,0,6557
3116,76955,21,2819,0,6558
3117,77011,56,2819,0,6566
3118,77025,14,2820,0,6567
3119,77081,56,2820,0,6575
3120,77102,21,2822,0,6576
3121,77151,49,2822,0,6583
3122,77165,14,2823,0,6584
3123,77179,14,2824,0,6585
3124,77186,7,2825,0,6585
3125,77228,42,2827,0,6588
3126,77242,14,2828,0,6589
3127,77298,56,2828,0,6597
3128,77319,21,2830,0,6598
3129,77375,56,2830,0,6606
3130,77389,14,2831,0,6607
3131,77445,56,2831,0,6615
3132,77466,21,2833,0,6616
3133,77508,42,2833,0,6622
3134,77529,21,2835,0,6623
3135,77578,49,2835,0,6630
3136,77599,21,2837,0,6631
3137,77606,7,2837,0,6632
3138,77613,7,2837,0,6633
3139,77619,6,2838,0,6633
3140,77654,35,2840,0,6636
3141,77668,14,2841,0,6637
3142,77724,56,2841,0,6645
3143,77745,21,2843,0,6646
3144,77801,56,2843,0,6654
3145,77815,14,2844,0,6655
3146,77871,56,2844,0,6663
3147,77885,14,2845,0,6664
3148,77899,14,2846,0,6665
3149,77941,42,2848,0,6669
3150,77955,14,2849,0,6670
3151,78004,49,2849,0,6677
3152,78025,21,2851,0,6678
3153,78032,7,2851,0,6679
3154,78046,14,2852,0,6679
3155,78053,7,2852,0,6680
3156,78088,35,2855,0,6680
3157,78109,21,2857,0,6681
3158,78116,7,2858,0,6681
3159,78123,7,2858,0,6682
3160,78129,6,2859,0,6682
3161,78164,35,2862,0,6684
3162,78178,14,2863,0,6685
3163,78227,49,2863,0,6692
3164,78241,14,2864,0,6693
3165,78297,56,2864,0,6701
3166,78311,14,2865,0,6702
3167,78325,14,2866,0,6703
3168,78367,42,2868,0,6707
3169,78381,14,2869,0,6708
3170,78395,14,2870,0,6709
3171,78402,7,2871,0,6709
3172,78409,7,2871,0,6710
3173,78415,6,2872,0,6710
3174,78443,28,2874,0,6712
3175,78457,14,2875,0,6713
3176,78513,56,2875,0,6721
3177,78527,14,2876,0,6722
3178,78541,14,2877,0,6723
3179,78548,7,2878,0,6723
3180,78555,7,2878,0,6724
3181,78590,35,2881,0,6724
3182,78604,14,2882,0,6725
3183,78660,56,2882,0,6733
3184,78681,21,2884,0,6734
3185,78730,49,2884,0,6741
3186,78751,21,2886,0,6742
3187,78758,7,2887,0,6742
3188,78765,7,2887,0,6743
3189,78771,6,2888,0,6743
3190,78792,21,2890,0,6744
3191,78806,14,2891,0,6745
3192,78820,14,2892,0,6746
3193,78827,7,2893,0,6746
3194,78869,42,2896,0,6748
3195,78883,14,2897,0,6749
3196,78939,56,2897,0,6757
3197,78960,21,2899,0,6758
3198,79016,56,2899,0,6766
3199,79030,14,2900,0,6767
3200,79086,56,2900,0,6775
3201,79107,21,2902,0,6776
3202,79156,49,2902,0,6783
3203,79177,21,2904,0,6784
3204,79233,56,2904,0,6792
3205,79247,14,2905,0,6793
3206,79303,56,2905,0,6801
3207,79324,21,2907,0,6802
3208,79366,42,2907,0,6808
3209,79387,21,2909,0,6809
3210,79450,63,2909,0,6818
3211,79464,14,2910,0,6819
3212,79471,7,2911,0,6819
3213,79513,42,2913,0,6822
3214,79534,21,2915,0,6823
3215,79583,49,2915,0,6830
3216,79604,21,2917,0,6831
3217,79660,56,2917,0,6839
3218,79674,14,2918,0,6840
3219,79730,56,2918,0,6848
3220,79751,21,2920,0,6849
3221,79800,49,2920,0,6856
3222,79821,21,2922,0,6857
3223,79877,56,2922,0,6865
3224,79891,14,2923,0,6866
3225,79898,7,2924,0,6866
3226,79940,42,2927,0,6868
3227,79961,21,2929,0,6869
3228,80010,49,2929,0,6876
3229,80031,21,2931,0,6877
3230,80087,56,2931,0,6885
3231,80101,14,2932,0,6886
3232,80157,56,2932,0,6894
3233,80171,14,2933,0,6895
3234,80185,14,2934,0,6896
3235,80192,7,2935,0,6896
3236,80199,7,2935,0,6897
3237,80241,42,2938,0,6898
3238,80255,14,2939,0,6899
3239,80262,7,2940,0,6899
3240,80304,42,2942,0,6902
3241,80318,14,2943,0,6903
3242,80374,56,2943,0,6911
3243,80395,21,2945,0,6912
3244,80451,56,2945,0,6920
3245,80465,14,2946,0,6921
3246,80521,56,2946,0,6929
3247,80542,21,2948,0,6930
3248,80591,49,2948,0,6937
3249,80612,21,2950,0,6938
3250,80668,56,2950,0,6946
3251,80682,14,2951,0,6947
3252,80689,7,2952,0,6947
3253,80731,42,2954,0,6950
3254,80752,21,2956,0,6951
3255,80801,49,2956,0,6958
3256,80822,21,2958,0,6959
3257,80878,56,2958,0,6967
3258,80892,14,2959,0,6968
3259,80948,56,2959,0,6976
3260,80969,21,2961,0,6977
3261,81018,49,2961,0,6984
3262,81039,21,2963,0,6985
3263,81095,56,2963,0,6993
3264,81109,14,2964,0,6994
3265,81165,56,2964,0,7002
3266,81186,21,2966,0,7003
3267,81228,42,2966,0,7009
3268,81249,21,2968,0,7010
3269,81312,63,2968,0,7019
3270,81326,14,2969,0,7020
3271,81375,49,2969,0,7027
3272,81396,21,2971,0,7028
3273,81445,49,2971,0,7035
3274,81459,14,2972,0,7036
3275,81473,14,2973,0,7037
3276,81480,7,2974,0,7037
3277,81487,7,2974,0,7038
3278,81493,6,2975,0,7038
3279,81521,28,2977,0,7040
3280,81535,14,2978,0,7041
3281,81591,56,2978,0,7049
3282,81605,14,2979,0,7050
3283,81619,14,2980,0,7051
3284,81626,7,2981,0,7051
3285,81633,7,2981,0,7052
3286,81668,35,2984,0,7052
3287,81682,14,2985,0,7053
3288,81738,56,2985,0,7061
3289,81759,21,2987,0,7062
3290,81808,49,2987,0,7069
3291,81822,14,2988,0,7070
3292,81871,49,2988,0,7077
3293,81885,14,2989,0,7078
3294,81899,14,2990,0,7079
3295,81906,7,2991,0,7079
3296,81948,42,2993,0,7082
3297,81962,14,2994,0,7083
3298,82018,56,2994,0,7091
3299,82039,21,2996,0,7092
3300,82095,56,2996,0,7100
3301,82109,14,2997,0,7101
3302,82165,56,2997,0,7109
3303,82186,21,2999,0,7110
3304,82235,49,2999,0,7117
3305,82256,21,3001,0,7118
3306,82312,56,3001,0,7126
3307,82326,14,3002,0,7127
3308,82382,56,3002,0,7135
3309,82403,21,3004,0,7136
3310,82445,42,3004,0,7142
3311,82466,21,3006,0,7143
3312,82529,63,3006,0,7152
3313,82543,14,3007,0,7153
3314,82592,49,3007,0,7160
3315,82613,21,3009,0,7161
3316,82662,49,3009,0,7168
3317,82683,21,3011,0,7169
3318,82739,56,3011,0,7177
3319,82753,14,3012,0,7178
3320,82809,56,3012,0,7186
3321,82830,21,3014,0,7187
3322,82886,56,3014,0,7195
3323,82900,14,3015,0,7196
3324,82956,56,3015,0,7204
3325,82977,21,3017,0,7205
3326,83026,49,3017,0,7212
3327,83047,21,3019,0,7213
3328,83089,42,3019,0,7219
3329,83103,14,3020,0,7220
3330,83117,14,3021,0,7221
3331,83124,7,3022,0,7221
3332,83166,42,3024,0,7224
3333,83180,14,3025,0,7225
3334,83236,56,3025,0,7233
3335,83257,21,3027,0,7234
3336,83313,56,3027,0,7242
3337,83327,14,3028,0,7243
3338,83383,56,3028,0,7251
3339,83404,21,3030,0,7252
3340,83453,49,3030,0,7259
3341,83474,21,3032,0,7260
3342,83530,56,3032,0,7268
3343,83544,14,3033,0,7269
3344,83600,56,3033,0,7277
3345,83621,21,3035,0,7278
3346,83677,56,3035,0,7286
3347,83691,14,3036,0,7287
3348,83698,7,3037,0,7287
3349,83740,42,3039,0,7290
3350,83754,14,3040,0,7291
3351,83761,7,3040,0,7292
3352,83775,14,3041,0,7292
3353,83782,7,3041,0,7293
3354,83817,35,3044,0,7293
3355,83831,14,3045,0,7294
3356,83880,49,3045,0,7301
3357,83901,21,3047,0,7302
3358,83957,56,3047,0,7310
3359,83971,14,3048,0,7311
3360,84027,56,3048,0,7319
3361,84048,21,3050,0,7320
3362,84104,56,3050,0,7328
3363,84118,14,3051,0,7329
3364,84174,56,3051,0,7337
3365,84195,21,3053,0,7338
3366,84244,49,3053,0,7345
3367,84265,21,3055,0,7346
3368,84307,42,3055,0,7352
3369,84328,21,3057,0,7353
3370,84335,7,3057,0,7354
3371,84342,7,3057,0,7355
3372,84348,6,3058,0,7355
3373,84383,35,3060,0,7358
3374,84397,14,3061,0,7359
3375,84453,56,3061,0,7367
3376,84474,21,3063,0,7368
3377,84530,56,3063,0,7376
3378,84544,14,3064,0,7377
3379,84600,56,3064,0,7385
3380,84614,14,3065,0,7386
3381,84628,14,3066,0,7387
3382,84670,42,3068,0,7391
3383,84691,21,3070,0,7392
3384,84747,56,3070,0,7400
3385,84761,14,3071,0,7401
3386,84817,56,3071,0,7409
3387,84838,21,3073,0,7410
3388,84894,56,3073,0,7418
3389,84908,14,3074,0,7419
3390,84915,7,3075,0,7419
3391,84922,7,3075,0,7420
3392,84928,6,3076,0,7420
3393,84963,35,3078,0,7423
3394,84977,14,3079,0,7424
3395,84984,7,3080,0,7424
3396,85026,42,3082,0,7427
3397,85047,21,3084,0,7428
3398,85096,49,3084,0,7435
3399,85117,21,3086,0,7436
3400,85173,56,3086,0,7444
3401,85187,14,3087,0,7445
3402,85243,56,3087,0,7453
3403,85264,21,3089,0,7454
3404,85320,56,3089,0,7462
3405,85334,14,3090,0,7463
3406,85390,56,3090,0,7471
3407,85411,21,3092,0,7472
3408,85460,49,3092,0,7479
3409,85481,21,3094,0,7480
3410,85523,42,3094,0,7486
3411,85544,21,3096,0,7487
3412,85551,7,3096,0,7488
3413,85558,7,3096,0,7489
3414,85600,42,3099,0,7490
3415,85614,14,3100,0,7491
3416,85670,56,3100,0,7499
3417,85691,21,3102,0,7500
3418,85747,56,3102,0,7508
3419,85761,14,3103,0,7509
3420,85817,56,3103,0,7517
3421,85838,21,3105,0,7518
3422,85887,49,3105,0,7525
3423,85908,21,3107,0,7526
3424,85964,56,3107,0,7534
3425,85978,14,3108,0,7535
3426,86034,56,3108,0,7543
3427,86055,21,3110,0,7544
3428,86104,49,3110,0,7551
3429,86118,14,3111,0,7552
3430,86181,63,3111,0,7561
3431,86195,14,3112,0,7562
3432,86202,7,3113,0,7562
3433,86244,42,3115,0,7565
3434,86265,21,3117,0,7566
3435,86314,49,3117,0,7573
3436,86335,21,3119,0,7574
3437,86391,56,3119,0,7582
3438,86405,14,3120,0,7583
3439,86461,56,3120,0,7591
3440,86475,14,3121,0,7592
3441,86489,14,3122,0,7593
3442,86496,7,3123,0,7593
3443,86503,7,3123,0,7594
3444,86517,14,3124,0,7594
3445,86531,14,3125,0,7594
3446,86545,14,3126,0,7594
3447,86566,21,3127,0,7595
3448,86573,7,3128,0,7595
3449,86608,35,3131,0,7595
3450,86622,14,3132,0,7596
3451,86678,56,3132,0,7604
3452,86699,21,3134,0,7605
3453,86741,42,3134,0,7611
3454,86762,21,3136,0,7612
3455,86818,56,3136,0,7620
3456,86832,14,3137,0,7621
3457,86888,56,3137,0,7629
3458,86909,21,3139,0,7630
3459,86965,56,3139,0,7638
3460,86979,14,3140,0,7639
3461,87035,56,3140,0,7647
3462,87049,14,3141,0,7648
3463,87105,56,3141,0,7656
3464,87126,21,3143,0,7657
3465,87182,56,3143,0,7665
3466,87196,14,3144,0,7666
3467,87252,56,3144,0,7674
3468,87273,21,3146,0,7675
3469,87322,49,3146,0,7682
3470,87343,21,3148,0,7683
3471,87399,56,3148,0,7691
3472,87413,14,3149,0,7692
3473,87420,7,3150,0,7692
3474,87462,42,3152,0,7695
3475,87483,21,3154,0,7696
3476,87532,49,3154,0,7703
3477,87553,21,3156,0,7704
3478,87609,56,3156,0,7712
3479,87623,14,3157,0,7713
3480,87679,56,3157,0,7721
3481,87700,21,3159,0,7722
3482,87749,49,3159,0,7729
3483,87770,21,3161,0,7730
3484,87826,56,3161,0,7738
3485,87840,14,3162,0,7739
3486,87896,56,3162,0,7747
3487,87910,14,3163,0,7748
3488,87959,49,3163,0,7755
3489,87980,21,3165,0,7756
3490,88036,56,3165,0,7764
3491,88050,14,3166,0,7765
3492,88057,7,3166,0,7766
3493,88106,49,3168,0,7770
3494,88127,21,3170,0,7771
3495,88176,49,3170,0,7778
3496,88190,14,3171,0,7779
3497,88204,14,3172,0,7780
3498,88211,7,3173,0,7780
3499,88253,42,3175,0,7783
3500,88267,14,3176,0,7784
3501,88323,56,3176,0,7792
3502,88344,21,3178,0,7793
3503,88400,56,3178,0,7801
3504,88414,14,3179,0,7802
3505,88470,56,3179,0,7810
3506,88491,21,3181,0,7811
3507,88540,49,3181,0,7818
3508,88561,21,3183,0,7819
3509,88603,42,3183,0,7825
3510,88617,14,3184,0,7826
3511,88631,14,3185,0,7827
3512,88638,7,3186,0,7827
3513,88680,42,3188,0,7830
3514,88694,14,3189,0,7831
3515,88750,56,3189,0,7839
3516,88771,21,3191,0,7840
3517,88827,56,3191,0,7848
3518,88841,14,3192,0,7849
3519,88897,56,3192,0,7857
3520,88918,21,3194,0,7858
3521,88967,49,3194,0,7865
3522,88988,21,3196,0,7866
3523,89044,56,3196,0,7874
3524,89058,14,3197,0,7875
3525,89114,56,3197,0,7883
3526,89135,21,3199,0,7884
3527,89191,56,3199,0,7892
3528,89205,14,3200,0,7893
3529,89212,7,3201,0,7893
3530,89261,49,3203,0,7897
3531,89275,14,3204,0,7898
3532,89324,49,3204,0,7905
3533,89345,21,3206,0,7906
3534,89394,49,3206,0,7913
3535,89408,14,3207,0,7914
3536,89422,14,3208,0,7915
3537,89429,7,3209,0,7915
3538,89471,42,3212,0,7917
3539,89485,14,3213,0,7918
3540,89541,56,3213,0,7926
3541,89555,14,3214,0,7927
3542,89569,14,3215,0,7928
3543,89576,7,3216,0,7928
3544,89583,7,3216,0,7929
3545,89618,35,3219,0,7929
3546,89632,14,3220,0,7930
3547,89688,56,3220,0,7938
3548,89709,21,3222,0,7939
3549,89758,49,3222,0,7946
3550,89772,14,3223,0,7947
3551,89821,49,3223,0,7954
3552,89842,21,3225,0,7955
3553,89849,7,3225,0,7956
3554,89863,14,3226,0,7956
3555,89870,7,3226,0,7957
3556,89884,14,3227,0,7957
3557,89898,14,3228,0,7957
3558,89912,14,3229,0,7957
3559,89933,21,3230,0,7958
3560,89940,7,3231,0,7958
3561,89982,42,3234,0,7959
3562,89996,14,3235,0,7960
3563,90003,7,3236,0,7960
3564,90010,7,3236,0,7961
3565,90024,14,3237,0,7961
3566,90038,14,3238,0,7961
3567,90052,14,3239,0,7961
3568,90073,21,3240,0,7962
3569,90080,7,3241,0,7962
3570,90087,7,3241,0,7963
3571,90101,14,3242,0,7963
3572,90115,14,3243,0,7963
3573,90129,14,3244,0,7963
3574,90185,56,3245,0,7969
3575,90199,14,3246,0,7970
3576,90213,14,3247,0,7971
3577,90220,7,3248,0,7971
3578,90227,7,3248,0,7972
3579,90262,35,3251,0,7972
3580,90276,14,3252,0,7973
3581,90332,56,3252,0,7981
3582,90353,21,3254,0,7982
3583,90409,56,3254,0,7990
3584,90423,14,3255,0,7991
3585,90479,56,3255,0,7999
3586,90500,21,3257,0,8000
3587,90507,7,3258,0,8000
3588,90514,7,3258,0,8001
3589,90549,35,3261,0,8001
3590,90563,14,3262,0,8002
3591,90612,49,3262,0,8009
3592,90633,21,3264,0,8010
3593,90689,56,3264,0,8018
3594,90703,14,3265,0,8019
3595,90759,56,3265,0,8027
3596,90780,21,3267,0,8028
3597,90836,56,3267,0,8036
3598,90850,14,3268,0,8037
3599,90906,56,3268,0,8045
3600,90920,14,3269,0,8046
3601,90934,14,3270,0,8047
3602,90976,42,3273,0,8050
3603,90990,14,3274,0,8051
3604,91039,49,3274,0,8058
3605,91060,21,3276,0,8059
3606,91067,7,3276,0,8060
3607,91081,14,3277,0,8060
3608,91088,7,3277,0,8061
3609,91102,14,3278,0,8061
3610,91116,14,3279,0,8061
3611,91130,14,3280,0,8061
3612,91151,21,3281,0,8062
3613,91158,7,3282,0,8062
3614,91165,7,3282,0,8063
3615,91200,35,3285,0,8063
3616,91214,14,3286,0,8064
3617,91221,7,3287,0,8064
3618,91228,7,3287,0,8065
3619,91234,6,3288,0,8065
3620,91262,28,3290,0,8067
3621,91276,14,3291,0,8068
3622,91332,56,3291,0,8076
3623,91353,21,3293,0,8077
3624,91402,49,3293,0,8084
3625,91416,14,3294,0,8085
3626,91430,14,3295,0,8086
3627,91437,7,3296,0,8086
3628,91479,42,3299,0,8088
3629,91493,14,3300,0,8089
3630,91549,56,3300,0,8097
3631,91570,21,3302,0,8098
3632,91626,56,3302,0,8106
3633,91640,14,3303,0,8107
3634,91696,56,3303,0,8115
3635,91710,14,3304,0,8116
3636,91717,7,3305,0,8116
3637,91759,42,3307,0,8119
3638,91780,21,3309,0,8120
3639,91829,49,3309,0,8127
3640,91850,21,3311,0,8128
3641,91906,56,3311,0,8136
3642,91920,14,3312,0,8137
3643,91976,56,3312,0,8145
3644,91997,21,3314,0,8146
3645,92053,56,3314,0,8154
3646,92067,14,3315,0,8155
3647,92123,56,3315,0,8163
3648,92144,21,3317,0,8164
3649,92193,49,3317,0,8171
3650,92214,21,3319,0,8172
3651,92256,42,3319,0,8178
3652,92277,21,3321,0,8179
3653,92284,7,3321,0,8180
3654,92298,14,3322,0,8180
3655,92305,7,3322,0,8181
3656,92319,14,3323,0,8181
3657,92333,14,3324,0,8181
3658,92347,14,3325,0,8181
3659,92368,21,3326,0,8182
3660,92403,35,3328,0,8185
3661,92424,21,3330,0,8186
3662,92480,56,3330,0,8194
3663,92494,14,3331,0,8195
3664,92550,56,3331,0,8203
3665,92571,21,3333,0,8204
3666,92620,49,3333,0,8211
3667,92634,14,3334,0,8212
3668,92648,14,3335,0,8213
3669,92655,7,3336,0,8213
3670,92662,7,3336,0,8214
3671,92697,35,3339,0,8214
3672,92711,14,3340,0,8215
3673,92767,56,3340,0,8223
3674,92788,21,3342,0,8224
3675,92837,49,3342,0,8231
3676,92851,14,3343,0,8232
3677,92914,63,3343,0,8241
3678,92928,14,3344,0,8242
3679,92935,7,3345,0,8242
3680,92977,42,3347,0,8245
3681,92998,21,3349,0,8246
3682,93047,49,3349,0,8253
3683,93068,21,3351,0,8254
3684,93124,56,3351,0,8262
3685,93138,14,3352,0,8263
3686,93194,56,3352,0,8271
3687,93215,21,3354,0,8272
3688,93264,49,3354,0,8279
3689,93285,21,3356,0,8280
3690,93341,56,3356,0,8288
3691,93355,14,3357,0,8289
3692,93411,56,3357,0,8297
3693,93432,21,3359,0,8298
3694,93488,56,3359,0,8306
3695,93502,14,3360,0,8307
3696,93558,56,3360,0,8315
3697,93572,14,3361,0,8316
3698,93621,49,3361,0,8323
3699,93642,21,3363,0,8324
3700,93698,56,3363,0,8332
3701,93712,14,3364,0,8333
3702,93768,56,3364,0,8341
3703,93782,14,3365,0,8342
3704,93838,56,3365,0,8350
3705,93859,21,3367,0,8351
3706,93915,56,3367,0,8359
3707,93929,14,3368,0,8360
3708,93985,56,3368,0,8368
3709,94006,21,3370,0,8369
3710,94055,49,3370,0,8376
3711,94076,21,3372,0,8377
3712,94083,7,3373,0,8377
3713,94090,7,3373,0,8378
3714,94096,6,3374,0,8378
3715,94131,35,3376,0,8381
3716,94145,14,3377,0,8382
3717,94152,7,3378,0,8382
3718,94194,42,3381,0,8384
3719,94215,21,3383,0,8385
3720,94264,49,3383,0,8392
3721,94285,21,3385,0,8393
3722,94341,56,3385,0,8401
3723,94355,14,3386,0,8402
3724,94411,56,3386,0,8410
3725,94425,14,3387,0,8411
3726,94439,14,3388,0,8412
3727,94481,42,3390,0,8416
3728,94495,14,3391,0,8417
3729,94509,14,3392,0,8418
3730,94516,7,3393,0,8418
3731,94523,7,3393,0,8419
3732,94558,35,3396,0,8419
3733,94572,14,3397,0,8420
3734,94628,56,3397,0,8428
3735,94649,21,3399,0,8429
3736,94705,56,3399,0,8437
3737,94719,14,3400,0,8438
3738,94726,7,3401,0,8438
3739,94740,14,3402,0,8438
3740,94775,35,3405,0,8438
3741,94789,14,3406,0,8439
3742,94838,49,3406,0,8446
3743,94852,14,3407,0,8447
3744,94866,14,3408,0,8448
3745,94908,42,3408,0,8454
3746,94922,14,3409,0,8455
3747,94936,14,3410,0,8456
3748,94943,7,3411,0,8456
3749,94950,7,3411,0,8457
3750,94971,21,3412,0,8457
3751,94985,14,3413,0,8457
3752,94999,14,3414,0,8457
3753,95055,56,3415,0,8463
3754,95069,14,3416,0,8464
3755,95083,14,3417,0,8465
3756,95090,7,3418,0,8465
3757,95097,7,3418,0,8466
3758,95132,35,3421,0,8466
3759,95146,14,3422,0,8467
3760,95202,56,3422,0,8475
3761,95223,21,3424,0,8476
3762,95272,49,3424,0,8483
3763,95293,21,3426,0,8484
3764,95335,42,3426,0,8490
3765,95356,21,3428,0,8491
3766,95363,7,3428,0,8492
3767,95419,56,3429,0,8498
3768,95433,14,3430,0,8499
3769,95482,49,3430,0,8506
3770,95503,21,3432,0,8507
3771,95559,56,3432,0,8515
3772,95573,14,3433,0,8516
3773,95629,56,3433,0,8524
3774,95650,21,3435,0,8525
3775,95699,49,3435,0,8532
3776,95720,21,3437,0,8533
3777,95776,56,3437,0,8541
3778,95790,14,3438,0,8542
3779,95846,56,3438,0,8550
3780,95867,21,3440,0,8551
3781,95923,56,3440,0,8559
3782,95937,14,3441,0,8560
3783,95993,56,3441,0,8568
3784,96014,21,3443,0,8569
3785,96056,42,3443,0,8575
3786,96077,21,3445,0,8576
3787,96126,49,3445,0,8583
3788,96140,14,3446,0,8584
3789,96154,14,3447,0,8585
3790,96161,7,3448,0,8585
3791,96203,42,3450,0,8588
3792,96217,14,3451,0,8589
3793,96273,56,3451,0,8597
3794,96294,21,3453,0,8598
3795,96350,56,3453,0,8606
3796,96364,14,3454,0,8607
3797,96420,56,3454,0,8615
3798,96441,21,3456,0,8616
3799,96490,49,3456,0,8623
3800,96511,21,3458,0,8624
3801,96567,56,3458,0,8632
3802,96581,14,3459,0,8633
3803,96637,56,3459,0,8641
3804,96658,21,3461,0,8642
3805,96700,42,3461,0,8648
3806,96721,21,3463,0,8649
3807,96777,56,3463,0,8657
3808,96791,14,3464,0,8658
3809,96847,56,3464,0,8666
3810,96868,21,3466,0,8667
3811,96917,49,3466,0,8674
3812,96938,21,3468,0,8675
3813,96994,56,3468,0,8683
3814,97008,14,3469,0,8684
3815,97064,56,3469,0,8692
3816,97085,21,3471,0,8693
3817,97141,56,3471,0,8701
3818,97155,14,3472,0,8702
3819,97211,56,3472,0,8710
3820,97232,21,3474,0,8711
3821,97274,42,3474,0,8717
3822,97295,21,3476,0,8718
3823,97344,49,3476,0,8725
3824,97365,21,3478,0,8726
3825,97421,56,3478,0,8734
3826,97435,14,3479,0,8735
3827,97491,56,3479,0,8743
3828,97505,14,3480,0,8744
3829,97519,14,3481,0,8745
3830,97526,7,3482,0,8745
3831,97533,7,3482,0,8746
3832,97547,14,3483,0,8746
3833,97561,14,3484,0,8746
3834,97575,14,3485,0,8746
3835,97596,21,3486,0,8747
3836,97603,7,3487,0,8747
3837,97638,35,3490,0,8747
3838,97659,21,3492,0,8748
3839,97708,49,3492,0,8755
3840,97729,21,3494,0,8756
3841,97785,56,3494,0,8764
3842,97799,14,3495,0,8765
3843,97806,7,3496,0,8765
3844,97855,49,3498,0,8769
3845,97876,21,3500,0,8770
3846,97918,42,3500,0,8776
3847,97939,21,3502,0,8777
3848,97995,56,3502,0,8785
3849,98009,14,3503,0,8786
3850,98065,56,3503,0,8794
3851,98086,21,3505,0,8795
3852,98135,49,3505,0,8802
3853,98156,21,3507,0,8803
3854,98212,56,3507,0,8811
3855,98226,14,3508,0,8812
3856,98282,56,3508,0,8820
3857,98303,21,3510,0,8821
3858,98359,56,3510,0,8829
3859,98373,14,3511,0,8830
3860,98429,56,3511,0,8838
3861,98443,14,3512,0,8839
3862,98492,49,3512,0,8846
3863,98513,21,3514,0,8847
3864,98562,49,3514,0,8854
3865,98583,21,3516,0,8855
3866,98639,56,3516,0,8863
3867,98653,14,3517,0,8864
3868,98709,56,3517,0,8872
3869,98730,21,3519,0,8873
3870,98786,56,3519,0,8881
3871,98800,14,3520,0,8882
3872,98856,56,3520,0,8890
3873,98870,14,3521,0,8891
3874,98884,14,3522,0,8892
3875,98926,42,3524,0,8896
3876,98947,21,3526,0,8897
3877,99003,56,3526,0,8905
3878,99017,14,3527,0,8906
3879,99024,7,3528,0,8906
3880,99073,49,3530,0,8910
3881,99087,14,3531,0,8911
3882,99136,49,3531,0,8918
3883,99157,21,3533,0,8919
3884,99213,56,3533,0,8927
3885,99227,14,3534,0,8928
3886,99283,56,3534,0,8936
3887,99304,21,3536,0,8937
3888,99353,49,3536,0,8944
3889,99367,14,3537,0,8945
3890,99381,14,3538,0,8946
3891,99388,7,3539,0,8946
3892,99430,42,3541,0,8949
3893,99444,14,3542,0,8950
3894,99500,56,3542,0,8958
3895,99521,21,3544,0,8959
3896,99570,49,3544,0,8966
3897,99591,21,3546,0,8967
3898,99647,56,3546,0,8975
3899,99661,14,3547,0,8976
3900,99668,7,3548,0,8976
3901,99710,42,3550,0,8979
3902,99731,21,3552,0,8980
3903,99780,49,3552,0,8987
3904,99801,21,3554,0,8988
3905,99857,56,3554,0,8996
3906,99871,14,3555,0,8997
3907,99927,56,3555,0,9005
3908,99948,21,3557,0,9006
3909,99997,49,3557,0,9013
3910,100018,21,3559,0,9014
3911,100074,56,3559,0,9022
3912,100088,14,3560,0,9023
3913,100144,56,3560,0,9031
3914,100165,21,3562,0,9032
3915,100221,56,3562,0,9040
3916,100235,14,3563,0,9041
3917,100242,7,3564,0,9041
3918,100284,42,3567,0,9043
3919,100298,14,3568,0,9044
3920,100305,7,3568,0,9045
3921,100354,49,3569,0,9050
3922,100375,21,3571,0,9051
3923,100438,63,3571,0,9060
3924,100452,14,3572,0,9061
3925,100459,7,3573,0,9061
3926,100501,42,3576,0,9063
3927,100515,14,3577,0,9064
3928,100571,56,3577,0,9072
3929,100585,14,3578,0,9073
3930,100599,14,3579,0,9074
3931,100606,7,3580,0,9074
3932,100613,7,3580,0,9075
3933,100655,42,3583,0,9076
3934,100669,14,3584,0,9077
3935,100718,49,3584,0,9084
3936,100739,21,3586,0,9085
3937,100788,49,3586,0,9092
3938,100802,14,3587,0,9093
3939,100865,63,3587,0,9102
3940,100879,14,3588,0,9103
3941,100886,7,3589,0,9103
3942,100935,49,3591,0,9107
3943,100956,21,3593,0,9108
3944,100998,42,3593,0,9114
3945,101019,21,3595,0,9115
3946,101075,56,3595,0,9123
3947,101089,14,3596,0,9124
3948,101145,56,3596,0,9132
3949,101166,21,3598,0,9133
3950,101215,49,3598,0,9140
3951,101236,21,3600,0,9141
3952,101292,56,3600,0,9149
3953,101306,14,3601,0,9150
3954,101362,56,3601,0,9158
3955,101383,21,3603,0,9159
3956,101439,56,3603,0,9167
3957,101453,14,3604,0,9168
3958,101509,56,3604,0,9176
3959,101530,21,3606,0,9177
3960,101537,7,3607,0,9177
3961,101544,7,3607,0,9178
3962,101579,35,3610,0,9178
3963,101593,14,3611,0,9179
3964,101642,49,3611,0,9186
3965,101656,14,3612,0,9187
3966,101670,14,3613,0,9188
3967,101677,7,3614,0,9188
3968,101719,42,3616,0,9191
3969,101733,14,3617,0,9192
3970,101789,56,3617,0,9200
3971,101810,21,3619,0,9201
3972,101866,56,3619,0,9209
3973,101880,14,3620,0,9210
3974,101936,56,3620,0,9218
3975,101950,14,3621,0,9219
3976,101964,14,3622,0,9220
3977,102006,42,3624,0,9224
3978,102027,21,3626,0,9225
3979,102083,56,3626,0,9233
3980,102097,14,3627,0,9234
3981,102104,7,3628,0,9234
3982,102153,49,3630,0,9238
3983,102167,14,3631,0,9239
3984,102216,49,3631,0,9246
3985,102237,21,3633,0,9247
3986,102293,56,3633,0,9255
3987,102307,14,3634,0,9256
3988,102363,56,3634,0,9264
3989,102384,21,3636,0,9265
3990,102433,49,3636,0,9272
3991,102447,14,3637,0,9273
3992,102461,14,3638,0,9274
3993,102468,7,3639,0,9274
3994,102510,42,3641,0,9277
3995,102524,14,3642,0,9278
3996,102580,56,3642,0,9286
3997,102601,21,3644,0,9287
3998,102657,56,3644,0,9295
3999,102671,14,3645,0,9296
4000,102678,7,3646,0,9296
4001,102692,14,3647,0,9296
4002,102727,35,3650,0,9296
4003,102741,14,3651,0,9297
4004,102790,49,3651,0,9304
4005,102811,21,3653,0,9305
4006,102860,49,3653,0,9312
4007,102874,14,3654,0,9313
4008,102888,14,3655,0,9314
4009,102895,7,3656,0,9314
4010,102937,42,3658,0,9317
4011,102951,14,3659,0,9318
4012,103007,56,3659,0,9326
4013,103028,21,3661,0,9327
4014,103084,56,3661,0,9335
4015,103098,14,3662,0,9336
4016,103154,56,3662,0,9344
4017,103175,21,3664,0,9345
4018,103224,49,3664,0,9352
4019,103245,21,3666,0,9353
4020,103301,56,3666,0,9361
4021,103315,14,3667,0,9362
4022,103371,56,3667,0,9370
4023,103392,21,3669,0,9371
4024,103434,42,3669,0,9377
4025,103455,21,3671,0,9378
4026,103511,56,3671,0,9386
4027,103525,14,3672,0,9387
4028,103581,56,3672,0,9395
4029,103602,21,3674,0,9396
4030,103651,49,3674,0,9403
4031,103672,21,3676,0,9404
4032,103728,56,3676,0,9412
4033,103742,14,3677,0,9413
4034,103798,56,3677,0,9421
4035,103819,21,3679,0,9422
4036,103875,56,3679,0,9430
4037,103889,14,3680,0,9431
4038,103945,56,3680,0,9439
4039,103966,21,3682,0,9440
4040,104015,49,3682,0,9447
4041,104029,14,3683,0,9448
4042,104078,49,3683,0,9455
4043,104099,21,3685,0,9456
4044,104106,7,3685,0,9457
4045,104113,7,3685,0,9458
4046,104155,42,3688,0,9459
4047,104169,14,3689,0,9460
4048,104225,56,3689,0,9468
4049,104246,21,3691,0,9469
4050,104302,56,3691,0,9477
4051,104316,14,3692,0,9478
4052,104372,56,3692,0,9486
4053,104393,21,3694,0,9487
4054,104442,49,3694,0,9494
4055,104463,21,3696,0,9495
4056,104519,56,3696,0,9503
4057,104533,14,3697,0,9504
4058,104589,56,3697,0,9512
4059,104610,21,3699,0,9513
4060,104652,42,3699,0,9519
4061,104673,21,3701,0,9520
4062,104736,63,3701,0,9529
4063,104750,14,3702,0,9530
4064,104757,7,3703,0,9530
4065,104771,14,3704,0,9530
4066,104806,35,3707,0,9530
4067,104820,14,3708,0,9531
4068,104869,49,3708,0,9538
4069,104890,21,3710,0,9539
4070,104946,56,3710,0,9547
4071,104960,14,3711,0,9548
4072,105016,56,3711,0,9556
4073,105037,21,3713,0,9557
4074,105093,56,3713,0,9565
4075,105107,14,3714,0,9566
4076,105163,56,3714,0,9574
4077,105177,14,3715,0,9575
4078,105184,7,3716,0,9575
4079,105226,42,3719,0,9577
4080,105247,21,3721,0,9578
4081,105296,49,3721,0,9585
4082,105317,21,3723,0,9586
4083,105373,56,3723,0,9594
4084,105387,14,3724,0,9595
4085,105443,56,3724,0,9603
4086,105457,14,3725,0,9604
4087,105471,14,3726,0,9605
4088,105478,7,3727,0,9605
4089,105485,7,3727,0,9606
4090,105491,6,3728,0,9606
4091,105519,28,3730,0,9608
4092,105533,14,3731,0,9609
4093,105589,56,3731,0,9617
4094,105610,21,3733,0,9618
4095,105659,49,3733,0,9625
4096,105680,21,3735,0,9626
4097,105736,56,3735,0,9634
4098,105750,14,3736,0,9635
4099,105757,7,3737,0,9635
4100,105771,14,3738,0,9635
4101,105806,35,3741,0,9635
4102,105820,14,3742,0,9636
4103,105869,49,3742,0,9643
4104,105883,14,3743,0,9644
4105,105897,14,3744,0,9645
4106,105946,49,3744,0,9652
4107,105960,14,3745,0,9653
4108,105967,7,3745,0,9654
4109,105981,14,3746,0,9654
4110,105988,7,3746,0,9655
4111,106002,14,3747,0,9655
4112,106016,14,3748,0,9655
4113,106030,14,3749,0,9655
4114,106051,21,3750,0,9656
4115,106058,7,3751,0,9656
4116,106065,7,3751,0,9657
4117,106079,14,3752,0,9657
4118,106093,14,3753,0,9657
4119,106107,14,3754,0,9657
4120,106121,14,3755,0,9657
4121,106128,7,3755,0,9658
4122,106149,21,3756,0,9658
4123,106163,14,3757,0,9658
4124,106177,14,3758,0,9658
4125,106191,14,3759,0,9658
4126,106198,7,3759,0,9659
4127,106212,14,3760,0,9659
4128,106226,14,3761,0,9659
4129,106240,14,3762,0,9659
4130,106261,21,3763,0,9660
4131,106268,7,3764,0,9660
4132,106275,7,3764,0,9661
4133,106289,14,3765,0,9661
4134,106303,14,3766,0,9661
4135,106324,21,3767,0,9662
4136,106380,56,3767,0,9670
4137,106394,14,3768,0,9671
4138,106450,56,3768,0,9679
4139,106471,21,3770,0,9680
4140,106478,7,3771,0,9680
4141,106485,7,3771,0,9681
4142,106491,6,3772,0,9681
4143,106512,21,3774,0,9682
4144,106533,21,3776,0,9683
4145,106589,56,3776,0,9691
4146,106603,14,3777,0,9692
4147,106659,56,3777,0,9700
4148,106680,21,3779,0,9701
4149,106729,49,3779,0,9708
4150,106750,21,3781,0,9709
4151,106806,56,3781,0,9717
4152,106820,14,3782,0,9718
4153,106876,56,3782,0,9726
4154,106897,21,3784,0,9727
4155,106953,56,3784,0,9735
4156,106967,14,3785,0,9736
4157,107023,56,3785,0,9744
4158,107044,21,3787,0,9745
4159,107093,49,3787,0,9752
4160,107107,14,3788,0,9753
4161,107170,63,3788,0,9762
4162,107184,14,3789,0,9763
4163,107191,7,3790,0,9763
4164,107233,42,3792,0,9766
4165,107247,14,3793,0,9767
4166,107303,56,3793,0,9775
4167,107324,21,3795,0,9776
4168,107380,56,3795,0,9784
4169,107394,14,3796,0,9785
4170,107450,56,3796,0,9793
4171,107471,21,3798,0,9794
4172,107520,49,3798,0,9801
4173,107534,14,3799,0,9802
4174,107597,63,3799,0,9811
4175,107611,14,3800,0,9812
4176,107618,7,3801,0,9812
4177,107632,14,3802,0,9812
4178,107667,35,3805,0,9812
4179,107681,14,3806,0,9813
4180,107730,49,3806,0,9820
4181,107751,21,3808,0,9821
4182,107807,56,3808,0,9829
4183,107821,14,3809,0,9830
4184,107877,56,3809,0,9838
4185,107898,21,3811,0,9839
4186,107947,49,3811,0,9846
4187,107961,14,3812,0,9847
4188,107975,14,3813,0,9848
4189,107982,7,3814,0,9848
4190,107989,7,3814,0,9849
4191,107995,6,3815,0,9849
4192,108023,28,3817,0,9851
4193,108037,14,3818,0,9852
4194,108093,56,3818,0,9860
4195,108107,14,3819,0,9861
4196,108121,14,3820,0,9862
4197,108128,7,3821,0,9862
4198,108135,7,3821,0,9863
4199,108149,14,3822,0,9863
4200,108163,14,3823,0,9863
4201,108184,21,3824,0,9864
4202,108240,56,3824,0,9872
4203,108261,21,3826,0,9873
4204,108310,49,3826,0,9880
4205,108331,21,3828,0,9881
4206,108338,7,3829,0,9881
4207,108345,7,3829,0,9882
4208,108351,6,3830,0,9882
4209,108372,21,3832,0,9883
4210,108393,21,3834,0,9884
4211,108400,7,3834,0,9885
4212,108407,7,3834,0,9886
4213,108428,21,3835,0,9886
4214,108463,35,3838,0,9886
4215,108519,56,3838,0,9894
4216,108540,21,3840,0,9895
4217,108596,56,3840,0,9903
4218,108610,14,3841,0,9904
4219,108666,56,3842,0,9906
4220,108700,34,3842,0,9909
4221,108721,21,3843,0,9909
4222,108735,14,3844,0,9909
4223,108756,21,3845,0,9911
4224,108777,21,3846,0,9911
4225,108806,29,3848,0,9911
4226,108813,7,3848,0,9912
4227,108842,29,3850,0,9912
4228,108849,7,3850,0,9913
4229,108878,29,3852,0,9913
4230,108885,7,3852,0,9914
4231,108921,36,3854,0,9914
4232,108935,14,3856,0,9914
4233,108949,14,3858,0,9914
4234,108963,14,3858,0,9916
4235,108970,7,3858,0,9917
4236,108984,14,3860,0,9917
4237,108998,14,3860,0,9919
4238,109005,7,3860,0,9920
4239,109019,14,3862,0,9920
4240,109048,29,3863,0,9922
4241,109077,29,3865,0,9922
4242,109084,7,3865,0,9923
4243,109091,7,3866,0,9923
4244,109098,7,3866,0,9924
4245,109127,29,3868,0,9924
4246,109134,7,3868,0,9925
4247,109163,29,3870,0,9925
4248,109170,7,3870,0,9926
4249,109206,36,3872,0,9926
4250,109220,14,3874,0,9926
4251,109234,14,3876,0,9926
4252,109248,14,3876,0,9928
4253,109277,29,3877,0,9930
4254,109291,14,3879,0,9930
4255,109305,14,3881,0,9930
4256,109334,29,3882,0,9932
4257,109363,29,3884,0,9932
4258,109370,7,3884,0,9933
4259,109377,7,3885,0,9933
4260,109384,7,3885,0,9934
4261,109413,29,3887,0,9934
4262,109420,7,3887,0,9935
4263,109449,29,3889,0,9935
4264,109456,7,3889,0,9936
4265,109477,21,3890,0,9937
4266,109499,22,3892,0,9937
4267,109506,7,3893,0,9937
4268,109513,7,3893,0,9938
4269,109520,7,3894,0,9938
4270,109527,7,3894,0,9939
4271,109556,29,3896,0,9939
4272,109563,7,3896,0,9940
4273,109599,36,3898,0,9940
4274,109613,14,3900,0,9940
4275,109627,14,3902,0,9940
4276,109641,14,3902,0,9942
4277,109648,7,3902,0,9943
4278,109662,14,3904,0,9943
4279,109676,14,3904,0,9945
4280,109683,7,3904,0,9946
4281,109697,14,3906,0,9946
4282,109704,7,3906,0,9947
4283,109718,14,3908,0,9947
4284,109732,14,3910,0,9947
4285,109746,14,3910,0,9949
4286,109753,7,3910,0,9950
4287,109767,14,3912,0,9950
4288,109781,14,3912,0,9952
4289,109788,7,3912,0,9953
4290,109802,14,3914,0,9953
4291,109816,14,3914,0,9955
4292,109823,7,3914,0,9956
4293,109837,14,3916,0,9956
4294,109844,7,3916,0,9957
4295,109858,14,3918,0,9957
4296,109872,14,3920,0,9957
4297,109886,14,3920,0,9959
4298,109893,7,3920,0,9960
4299,109907,14,3922,0,9960
4300,109921,14,3922,0,9962
4301,109928,7,3922,0,9963
4302,109942,14,3924,0,9963
4303,109956,14,3926,0,9963
4304,109963,7,3926,0,9964
4305,109977,14,3928,0,9964
4306,109991,14,3928,0,9966
4307,109998,7,3928,0,9967
4308,110012,14,3930,0,9967
4309,110026,14,3930,0,9969
4310,110033,7,3930,0,9970
4311,110047,14,3932,0,9970
4312,110061,14,3932,0,9972
4313,110090,29,3933,0,9974
4314,110104,14,3934,0,9975
4315,110118,14,3936,0,9975
4316,110132,14,3936,0,9977
4317,110139,7,3936,0,9978
4318,110153,14,3938,0,9978
4319,110167,14,3938,0,9980
4320,110174,7,3938,0,9981
4321,110188,14,3940,0,9981
4322,110202,14,3942,0,9981
4323,110209,7,3942,0,9982
4324,110223,14,3944,0,9982
4325,110237,14,3944,0,9984
4326,110258,21,3944,0,9987
4327,110272,14,3944,0,9989
4328,110279,7,3944,0,9990
4329,110293,14,3946,0,9990
4330,110307,14,3946,0,9992
4331,110314,7,3946,0,9993
4332,110328,14,3948,0,9993
4333,110342,14,3948,0,9995
4334,110349,7,3948,0,9996
4335,110363,14,3950,0,9996
4336,110377,14,3950,0,9998
4337,110384,7,3950,0,9999
4338,110398,14,3952,0,9999
4339,110412,14,3952,0,10001
4340,110419,7,3952,0,10002
4341,110433,14,3954,0,10002
4342,110447,14,3954,0,10004
4343,110454,7,3954,0,10005
4344,110468,14,3956,0,10005
1,1,-110467,1,0,0
2,17,16,2,0,0
